data/decay_time,data/dims,data/dxy,data/fnames,data/fr,init/K,init/SC_nnn,init/SC_normalize,init/SC_sigma,init/SC_thr,init/SC_use_NN,init/alpha_snmf,init/center_psf,init/gSig,init/gSiz,init/init_iter,init/kernel,init/lambda_gnmf,init/maxIter,init/max_iter_snmf,init/min_corr,init/min_pnr,init/nIter,init/nb,init/normalize_init,init/options_local_NMF,init/perc_baseline_snmf,init/ring_size_factor,init/rolling_length,init/rolling_sum,init/sigma_smooth_snmf,init/ssub,init/ssub_B,init/tsub,merging/do_merge,merging/merge_parallel,merging/merge_thr,motion/gSig_filt,motion/indices,motion/is3D,motion/max_deviation_rigid,motion/max_shifts,motion/min_mov,motion/niter_rig,motion/nonneg_movie,motion/num_frames_split,motion/num_splits_to_process_els,motion/num_splits_to_process_rig,motion/overlaps,motion/pw_rigid,motion/shifts_opencv,motion/splits_els,motion/splits_rig,motion/strides,motion/upsample_factor_grid,motion/use_cuda,online/N_samples_exceptionality,online/W_update_factor,online/batch_update_suff_stat,online/dist_shape_update,online/ds_factor,online/epochs,online/expected_comps,online/full_XXt,online/init_batch,online/iters_shape,online/max_comp_update_shape,online/max_num_added,online/max_shifts_online,online/min_SNR,online/min_num_trial,online/minibatch_shape,online/minibatch_suff_stat,online/motion_correct,online/n_refit,online/normalize,online/num_times_comp_updated,online/ring_CNN,online/rval_thr,online/save_online_movie,online/show_movie,online/simultaneously,online/sniper_mode,online/stop_detection,online/test_both,online/thresh_CNN_noisy,online/thresh_fitness_delta,online/thresh_fitness_raw,online/thresh_overlap,online/update_freq,online/update_num_comps,online/use_corr_img,online/use_dense,online/use_peak_max,patch/border_pix,patch/del_duplicates,patch/in_memory,patch/low_rank_background,patch/memory_fact,patch/n_processes,patch/nb_patch,patch/only_init,patch/p_patch,patch/p_ssub,patch/p_tsub,patch/remove_very_bad_comps,patch/rf,patch/skip_refinement,patch/stride,preprocess/check_nan,preprocess/compute_g,preprocess/include_noise,preprocess/lags,preprocess/max_num_samples_fft,preprocess/n_pixels_per_process,preprocess/noise_range,preprocess/p,preprocess/pixels,preprocess/sn,quality/SNR_lowest,quality/cnn_lowest,quality/gSig_range,quality/max_ecc,quality/min_SNR,quality/min_cnn_thr,quality/rval_lowest,quality/rval_thr,quality/use_cnn,quality/use_ecc,ring_CNN/lr,ring_CNN/lr_scheduler,ring_CNN/max_epochs,ring_CNN/n_channels,ring_CNN/path_to_model,ring_CNN/patience,ring_CNN/pct,ring_CNN/remove_activity,ring_CNN/reuse_model,ring_CNN/use_add,ring_CNN/use_bias,ring_CNN/width,spatial/dist,spatial/expandCore,spatial/extract_cc,spatial/maxthr,spatial/medw,spatial/n_pixels_per_process,spatial/nb,spatial/normalize_yyt_one,spatial/nrgthr,spatial/num_blocks_per_run_spat,spatial/se,spatial/ss,spatial/update_background_components,temporal/ITER,temporal/bas_nonneg,temporal/block_size_temp,temporal/fudge_factor,temporal/lags,temporal/nb,temporal/noise_range,temporal/num_blocks_per_run_temp,temporal/optimize_g,temporal/p,temporal/s_min,temporal/solvers,temporal/verbosity,num_components,file,param_set
0.56,[480 640],[0.83 0.83],[b'/media/toor/T7Shield/Mouse1637/TMaze/Round1.5/2024-06-10T17_53_09/TMaze_miniscope2024-06-10T17_53_09.avi'],25,b'NoneType',20,True,1,0,False,0.5,True,[8 8],[17 17],2,b'NoneType',1,5,500,0.8,6.5,5,0,False,b'NoneType',20,1.5,100,True,[0.5 0.5 0.5],1,2,3,True,False,0.65,[8 8],"[b'slice(None, None, None)' b'slice(None, None, None)']",False,8,[25 25],b'NoneType',1,True,80,b'NoneType',b'NoneType',[32 32],True,True,281,281,[64 64],4,False,15,1,False,False,1,1,500,False,22505,5,inf,5,10,2.0,5,100,5,True,0,False,inf,False,0.75,False,False,False,False,False,False,0.5,-50,-56.74776500523048,0.5,200,True,False,True,True,0,False,True,b'NoneType',1,16,0,True,0,2,2,False,32,False,16,True,False,False,5,3072,8067,[0.25 0.5 ],1,b'NoneType',b'NoneType',0.5,0.1,b'NoneType',3,2.0,0.9,-1,0.75,False,False,0.001,b'NoneType',100,2,b'NoneType',3,0.01,False,False,False,False,5,3,"[[0 0 1 0 0]
 [0 1 1 1 0]
 [1 1 1 1 1]
 [0 1 1 1 0]
 [0 0 1 0 0]]",True,0.1,b'NoneType',8067,0,True,0.9999,20,b'NoneType',b'NoneType',True,2,False,5000,0.96,5,0,[0.25 0.5 ],20,False,1,b'NoneType',[b'ECOS' b'SCS'],False,1569,caiman_results.hdf5,A
0.56,[480 640],[0.83 0.83],[b'/media/toor/T7Shield/Mouse1637/TMaze/Round1.5/2024-06-11T14_04_49/TMaze_miniscope2024-06-11T14_04_49.avi'],25,b'NoneType',20,True,1,0,False,0.5,True,[8 8],[17 17],2,b'NoneType',1,5,500,0.8,6.5,5,0,False,b'NoneType',20,1.5,100,True,[0.5 0.5 0.5],1,2,3,True,False,0.65,[8 8],"[b'slice(None, None, None)' b'slice(None, None, None)']",False,8,[25 25],b'NoneType',1,True,80,b'NoneType',b'NoneType',[32 32],True,True,281,281,[64 64],4,False,15,1,False,False,1,1,500,False,22503,5,inf,5,10,2.0,5,100,5,True,0,False,inf,False,0.75,False,False,False,False,False,False,0.5,-50,-56.74776500523048,0.5,200,True,False,True,True,0,False,True,b'NoneType',1,16,0,True,0,2,2,False,32,False,16,True,False,False,5,3072,8063,[0.25 0.5 ],1,b'NoneType',b'NoneType',0.5,0.1,b'NoneType',3,2.0,0.9,-1,0.75,False,False,0.001,b'NoneType',100,2,b'NoneType',3,0.01,False,False,False,False,5,3,"[[0 0 1 0 0]
 [0 1 1 1 0]
 [1 1 1 1 1]
 [0 1 1 1 0]
 [0 0 1 0 0]]",True,0.1,b'NoneType',8063,0,True,0.9999,20,b'NoneType',b'NoneType',True,2,False,5000,0.96,5,0,[0.25 0.5 ],20,False,1,b'NoneType',[b'ECOS' b'SCS'],False,1388,caiman_results.hdf5,A
0.56,[480 640],[0.83 0.83],[b'/media/toor/T7Shield/Mouse1637/TMaze/Round1.5/2024-06-12T13_05_34/TMaze_miniscope2024-06-12T13_05_34.avi'],25,b'NoneType',20,True,1,0,False,0.5,True,[8 8],[17 17],2,b'NoneType',1,5,500,0.8,6.5,5,0,False,b'NoneType',20,1.5,100,True,[0.5 0.5 0.5],1,2,3,True,False,0.65,[8 8],"[b'slice(None, None, None)' b'slice(None, None, None)']",False,8,[25 25],b'NoneType',1,True,80,b'NoneType',b'NoneType',[32 32],True,True,281,281,[64 64],4,False,15,1,False,False,1,1,500,False,22504,5,inf,5,10,2.0,5,100,5,True,0,False,inf,False,0.75,False,False,False,False,False,False,0.5,-50,-56.74776500523048,0.5,200,True,False,True,True,0,False,True,b'NoneType',1,16,0,True,0,2,2,False,32,False,16,True,False,False,5,3072,8066,[0.25 0.5 ],1,b'NoneType',b'NoneType',0.5,0.1,b'NoneType',3,2.0,0.9,-1,0.75,False,False,0.001,b'NoneType',100,2,b'NoneType',3,0.01,False,False,False,False,5,3,"[[0 0 1 0 0]
 [0 1 1 1 0]
 [1 1 1 1 1]
 [0 1 1 1 0]
 [0 0 1 0 0]]",True,0.1,b'NoneType',8066,0,True,0.9999,20,b'NoneType',b'NoneType',True,2,False,5000,0.96,5,0,[0.25 0.5 ],20,False,1,b'NoneType',[b'ECOS' b'SCS'],False,1337,caiman_results.hdf5,A
0.56,[480 640],[0.83 0.83],[b'/media/toor/T7Shield/Mouse1637/TMaze/Round1.5/2024-06-13T15_32_54/TMaze_miniscope2024-06-13T15_32_54.avi'],25,b'NoneType',20,True,1,0,False,0.5,True,[8 8],[17 17],2,b'NoneType',1,5,500,0.8,6.5,5,0,False,b'NoneType',20,1.5,100,True,[0.5 0.5 0.5],1,2,3,True,False,0.65,[8 8],"[b'slice(None, None, None)' b'slice(None, None, None)']",False,8,[25 25],b'NoneType',1,True,80,b'NoneType',b'NoneType',[32 32],True,True,281,281,[64 64],4,True,15,1,False,False,1,1,500,False,22508,5,inf,5,10,2.0,5,100,5,True,0,False,inf,False,0.75,False,False,False,False,False,False,0.5,-50,-56.74776500523048,0.5,200,True,False,True,True,0,False,True,b'NoneType',1,16,0,True,0,2,2,False,32,False,16,True,False,False,5,3072,8031,[0.25 0.5 ],1,b'NoneType',b'NoneType',0.5,0.1,b'NoneType',3,2.0,0.9,-1,0.75,False,False,0.001,b'NoneType',100,2,b'NoneType',3,0.01,False,False,False,False,5,3,"[[0 0 1 0 0]
 [0 1 1 1 0]
 [1 1 1 1 1]
 [0 1 1 1 0]
 [0 0 1 0 0]]",True,0.1,b'NoneType',8031,0,True,0.9999,20,b'NoneType',b'NoneType',True,2,False,5000,0.96,5,0,[0.25 0.5 ],20,False,1,b'NoneType',[b'ECOS' b'SCS'],False,1259,caiman_results.hdf5,A
0.56,[480 640],[0.83 0.83],[b'/media/toor/T7Shield/Mouse1637/TMaze/Round1.5/2024-06-14T17_19_31/TMaze_miniscope2024-06-14T17_19_31.avi'],25,b'NoneType',20,True,1,0,False,0.5,True,[8 8],[17 17],2,b'NoneType',1,5,500,0.8,6.5,5,0,False,b'NoneType',20,1.5,100,True,[0.5 0.5 0.5],1,2,3,True,False,0.65,[8 8],"[b'slice(None, None, None)' b'slice(None, None, None)']",False,8,[25 25],b'NoneType',1,True,80,b'NoneType',b'NoneType',[32 32],True,True,281,281,[64 64],4,True,15,1,False,False,1,1,500,False,22500,5,inf,5,10,2.0,5,100,5,True,0,False,inf,False,0.75,False,False,False,False,False,False,0.5,-50,-56.74776500523048,0.5,200,True,False,True,True,0,False,True,b'NoneType',1,16,0,True,0,2,2,False,32,False,16,True,False,False,5,3072,8057,[0.25 0.5 ],1,b'NoneType',b'NoneType',0.5,0.1,b'NoneType',3,2.0,0.9,-1,0.75,False,False,0.001,b'NoneType',100,2,b'NoneType',3,0.01,False,False,False,False,5,3,"[[0 0 1 0 0]
 [0 1 1 1 0]
 [1 1 1 1 1]
 [0 1 1 1 0]
 [0 0 1 0 0]]",True,0.1,b'NoneType',8057,0,True,0.9999,20,b'NoneType',b'NoneType',True,2,False,5000,0.96,5,0,[0.25 0.5 ],20,False,1,b'NoneType',[b'ECOS' b'SCS'],False,1249,caiman_results.hdf5,A
0.56,[480 640],[0.83 0.83],[b'/media/toor/T7Shield/Mouse1637/Round1.5/TMaze/2024-06-10T17_53_09/TMaze_miniscope2024-06-10T17_53_09.avi'],25,b'NoneType',20,True,1,0,False,0.5,True,[8 8],[17 17],2,b'NoneType',1,5,500,0.8,6.5,5,0,False,b'NoneType',20,1.5,100,True,[0.5 0.5 0.5],1,2,1,True,False,0.65,[8 8],"[b'slice(None, None, None)' b'slice(None, None, None)']",False,8,[25 25],b'NoneType',1,True,80,b'NoneType',b'NoneType',[32 32],True,True,281,281,[64 64],4,True,15,1,False,False,1,1,500,False,22505,5,inf,5,10,2.0,5,100,5,True,0,False,inf,False,0.75,False,False,False,False,False,False,0.5,-50,-56.74776500523048,0.5,200,True,False,True,True,0,False,True,b'NoneType',1,16,0,True,0,2,2,False,32,False,16,True,False,False,5,3072,7854,[0.25 0.5 ],1,b'NoneType',b'NoneType',0.5,0.1,b'NoneType',3,2.0,0.9,-1,0.75,False,False,0.001,b'NoneType',100,2,b'NoneType',3,0.01,False,False,False,False,5,3,"[[0 0 1 0 0]
 [0 1 1 1 0]
 [1 1 1 1 1]
 [0 1 1 1 0]
 [0 0 1 0 0]]",True,0.1,b'NoneType',7854,0,True,0.9999,20,b'NoneType',b'NoneType',True,2,False,5000,0.96,5,0,[0.25 0.5 ],20,False,1,b'NoneType',[b'ECOS' b'SCS'],False,1408,caiman_results.hdf5,B
0.56,[480 640],[0.83 0.83],[b'/media/toor/T7Shield/Mouse1637/Round1.5/TMaze/2024-06-11T14_04_49/TMaze_miniscope2024-06-11T14_04_49.avi'],25,b'NoneType',20,True,1,0,False,0.5,True,[8 8],[17 17],2,b'NoneType',1,5,500,0.8,6.5,5,0,False,b'NoneType',20,1.5,100,True,[0.5 0.5 0.5],1,2,1,True,False,0.65,[8 8],"[b'slice(None, None, None)' b'slice(None, None, None)']",False,8,[25 25],b'NoneType',1,True,80,b'NoneType',b'NoneType',[32 32],True,True,281,281,[64 64],4,True,15,1,False,False,1,1,500,False,22503,5,inf,5,10,2.0,5,100,5,True,0,False,inf,False,0.75,False,False,False,False,False,False,0.5,-50,-56.74776500523048,0.5,200,True,False,True,True,0,False,True,b'NoneType',1,16,0,True,0,2,2,False,32,False,16,True,False,False,5,3072,8057,[0.25 0.5 ],1,b'NoneType',b'NoneType',0.5,0.1,b'NoneType',3,2.0,0.9,-1,0.75,False,False,0.001,b'NoneType',100,2,b'NoneType',3,0.01,False,False,False,False,5,3,"[[0 0 1 0 0]
 [0 1 1 1 0]
 [1 1 1 1 1]
 [0 1 1 1 0]
 [0 0 1 0 0]]",True,0.1,b'NoneType',8057,0,True,0.9999,20,b'NoneType',b'NoneType',True,2,False,5000,0.96,5,0,[0.25 0.5 ],20,False,1,b'NoneType',[b'ECOS' b'SCS'],False,1234,caiman_results.hdf5,B
0.56,[480 640],[0.83 0.83],[b'/media/toor/T7Shield/Mouse1637/Round1.5/TMaze/2024-06-12T13_05_34/TMaze_miniscope2024-06-12T13_05_34.avi'],25,b'NoneType',20,True,1,0,False,0.5,True,[8 8],[17 17],2,b'NoneType',1,5,500,0.8,6.5,5,0,False,b'NoneType',20,1.5,100,True,[0.5 0.5 0.5],1,2,1,True,False,0.65,[8 8],"[b'slice(None, None, None)' b'slice(None, None, None)']",False,8,[25 25],b'NoneType',1,True,80,b'NoneType',b'NoneType',[32 32],True,True,281,281,[64 64],4,True,15,1,False,False,1,1,500,False,22504,5,inf,5,10,2.0,5,100,5,True,0,False,inf,False,0.75,False,False,False,False,False,False,0.5,-50,-56.74776500523048,0.5,200,True,False,True,True,0,False,True,b'NoneType',1,16,0,True,0,2,2,False,32,False,16,True,False,False,5,3072,8064,[0.25 0.5 ],1,b'NoneType',b'NoneType',0.5,0.1,b'NoneType',3,2.0,0.9,-1,0.75,False,False,0.001,b'NoneType',100,2,b'NoneType',3,0.01,False,False,False,False,5,3,"[[0 0 1 0 0]
 [0 1 1 1 0]
 [1 1 1 1 1]
 [0 1 1 1 0]
 [0 0 1 0 0]]",True,0.1,b'NoneType',8064,0,True,0.9999,20,b'NoneType',b'NoneType',True,2,False,5000,0.96,5,0,[0.25 0.5 ],20,False,1,b'NoneType',[b'ECOS' b'SCS'],False,1197,caiman_results.hdf5,B
0.56,[480 640],[0.83 0.83],[b'/media/toor/T7Shield/Mouse1637/Round1.5/TMaze/2024-06-13T15_32_54/TMaze_miniscope2024-06-13T15_32_54.avi'],25,b'NoneType',20,True,1,0,False,0.5,True,[8 8],[17 17],2,b'NoneType',1,5,500,0.8,6.5,5,0,False,b'NoneType',20,1.5,100,True,[0.5 0.5 0.5],1,2,1,True,False,0.65,[8 8],"[b'slice(None, None, None)' b'slice(None, None, None)']",False,8,[25 25],b'NoneType',1,True,80,b'NoneType',b'NoneType',[32 32],True,True,281,281,[64 64],4,True,15,1,False,False,1,1,500,False,22508,5,inf,5,10,2.0,5,100,5,True,0,False,inf,False,0.75,False,False,False,False,False,False,0.5,-50,-56.74776500523048,0.5,200,True,False,True,True,0,False,True,b'NoneType',1,16,0,True,0,2,2,False,32,False,16,True,False,False,5,3072,8076,[0.25 0.5 ],1,b'NoneType',b'NoneType',0.5,0.1,b'NoneType',3,2.0,0.9,-1,0.75,False,False,0.001,b'NoneType',100,2,b'NoneType',3,0.01,False,False,False,False,5,3,"[[0 0 1 0 0]
 [0 1 1 1 0]
 [1 1 1 1 1]
 [0 1 1 1 0]
 [0 0 1 0 0]]",True,0.1,b'NoneType',8076,0,True,0.9999,20,b'NoneType',b'NoneType',True,2,False,5000,0.96,5,0,[0.25 0.5 ],20,False,1,b'NoneType',[b'ECOS' b'SCS'],False,1114,caiman_results.hdf5,B
0.56,[480 640],[0.83 0.83],[b'/media/toor/T7Shield/Mouse1637/Round1.5/TMaze/2024-06-14T17_19_31/TMaze_miniscope2024-06-14T17_19_31.avi'],25,b'NoneType',20,True,1,0,False,0.5,True,[8 8],[17 17],2,b'NoneType',1,5,500,0.8,6.5,5,0,False,b'NoneType',20,1.5,100,True,[0.5 0.5 0.5],1,2,1,True,False,0.65,[8 8],"[b'slice(None, None, None)' b'slice(None, None, None)']",False,8,[25 25],b'NoneType',1,True,80,b'NoneType',b'NoneType',[32 32],True,True,281,281,[64 64],4,True,15,1,False,False,1,1,500,False,22500,5,inf,5,10,2.0,5,100,5,True,0,False,inf,False,0.75,False,False,False,False,False,False,0.5,-50,-56.74776500523048,0.5,200,True,False,True,True,0,False,True,b'NoneType',1,16,0,True,0,2,2,False,32,False,16,True,False,False,5,3072,8086,[0.25 0.5 ],1,b'NoneType',b'NoneType',0.5,0.1,b'NoneType',3,2.0,0.9,-1,0.75,False,False,0.001,b'NoneType',100,2,b'NoneType',3,0.01,False,False,False,False,5,3,"[[0 0 1 0 0]
 [0 1 1 1 0]
 [1 1 1 1 1]
 [0 1 1 1 0]
 [0 0 1 0 0]]",True,0.1,b'NoneType',8086,0,True,0.9999,20,b'NoneType',b'NoneType',True,2,False,5000,0.96,5,0,[0.25 0.5 ],20,False,1,b'NoneType',[b'ECOS' b'SCS'],False,1153,caiman_results.hdf5,B
0.56,[480 640],[0.83 0.83],[b'/media/toor/Seagate2/CaimanTesting/2024-06-10T17_53_09/TMaze_miniscope2024-06-10T17_53_09.avi'],25,b'NoneType',20,True,1,0,False,0.5,True,[5 5],[11 11],2,b'NoneType',1,5,500,0.8,6.5,5,0,False,b'NoneType',20,1.5,100,True,[0.5 0.5 0.5],1,2,1,True,False,0.65,[8 8],"[b'slice(None, None, None)' b'slice(None, None, None)']",False,8,[25 25],b'NoneType',1,True,80,b'NoneType',b'NoneType',[32 32],True,True,281,281,[64 64],4,True,15,1,False,False,1,1,500,False,22505,5,inf,5,10,2.0,5,100,5,True,0,False,inf,False,0.75,False,False,False,False,False,False,0.5,-50,-56.74776500523048,0.5,200,True,False,True,True,0,False,True,b'NoneType',1,16,0,True,0,2,2,False,32,False,16,True,False,False,5,3072,7806,[0.25 0.5 ],1,b'NoneType',b'NoneType',0.5,0.1,b'NoneType',3,2.0,0.9,-1,0.75,False,False,0.001,b'NoneType',100,2,b'NoneType',3,0.01,False,False,False,False,5,3,"[[0 0 1 0 0]
 [0 1 1 1 0]
 [1 1 1 1 1]
 [0 1 1 1 0]
 [0 0 1 0 0]]",True,0.1,b'NoneType',7806,0,True,0.9999,20,b'NoneType',b'NoneType',True,2,False,5000,0.96,5,0,[0.25 0.5 ],20,False,1,b'NoneType',[b'ECOS' b'SCS'],False,1050,caiman_results.hdf5,C
0.56,[480 640],[0.83 0.83],[b'/media/toor/Seagate2/CaimanTesting/2024-06-11T14_04_49/TMaze_miniscope2024-06-11T14_04_49.avi'],25,b'NoneType',20,True,1,0,False,0.5,True,[5 5],[11 11],2,b'NoneType',1,5,500,0.8,6.5,5,0,False,b'NoneType',20,1.5,100,True,[0.5 0.5 0.5],1,2,1,True,False,0.65,[8 8],"[b'slice(None, None, None)' b'slice(None, None, None)']",False,8,[25 25],b'NoneType',1,True,80,b'NoneType',b'NoneType',[32 32],True,True,281,281,[64 64],4,True,15,1,False,False,1,1,500,False,22503,5,inf,5,10,2.0,5,100,5,True,0,False,inf,False,0.75,False,False,False,False,False,False,0.5,-50,-56.74776500523048,0.5,200,True,False,True,True,0,False,True,b'NoneType',1,16,0,True,0,2,2,False,32,False,16,True,False,False,5,3072,7677,[0.25 0.5 ],1,b'NoneType',b'NoneType',0.5,0.1,b'NoneType',3,2.0,0.9,-1,0.75,False,False,0.001,b'NoneType',100,2,b'NoneType',3,0.01,False,False,False,False,5,3,"[[0 0 1 0 0]
 [0 1 1 1 0]
 [1 1 1 1 1]
 [0 1 1 1 0]
 [0 0 1 0 0]]",True,0.1,b'NoneType',7677,0,True,0.9999,20,b'NoneType',b'NoneType',True,2,False,5000,0.96,5,0,[0.25 0.5 ],20,False,1,b'NoneType',[b'ECOS' b'SCS'],False,945,caiman_results.hdf5,C
0.56,[480 640],[0.83 0.83],[b'/media/toor/Seagate2/CaimanTesting/2024-06-12T13_05_34/TMaze_miniscope2024-06-12T13_05_34.avi'],25,b'NoneType',20,True,1,0,False,0.5,True,[5 5],[11 11],2,b'NoneType',1,5,500,0.8,6.5,5,0,False,b'NoneType',20,1.5,100,True,[0.5 0.5 0.5],1,2,1,True,False,0.65,[8 8],"[b'slice(None, None, None)' b'slice(None, None, None)']",False,8,[25 25],b'NoneType',1,True,80,b'NoneType',b'NoneType',[32 32],True,True,281,281,[64 64],4,True,15,1,False,False,1,1,500,False,22504,5,inf,5,10,2.0,5,100,5,True,0,False,inf,False,0.75,False,False,False,False,False,False,0.5,-50,-56.74776500523048,0.5,200,True,False,True,True,0,False,True,b'NoneType',1,16,0,True,0,2,2,False,32,False,16,True,False,False,5,3072,7718,[0.25 0.5 ],1,b'NoneType',b'NoneType',0.5,0.1,b'NoneType',3,2.0,0.9,-1,0.75,False,False,0.001,b'NoneType',100,2,b'NoneType',3,0.01,False,False,False,False,5,3,"[[0 0 1 0 0]
 [0 1 1 1 0]
 [1 1 1 1 1]
 [0 1 1 1 0]
 [0 0 1 0 0]]",True,0.1,b'NoneType',7718,0,True,0.9999,20,b'NoneType',b'NoneType',True,2,False,5000,0.96,5,0,[0.25 0.5 ],20,False,1,b'NoneType',[b'ECOS' b'SCS'],False,925,caiman_results.hdf5,C
0.56,[480 640],[0.83 0.83],[b'/media/toor/Seagate2/CaimanTesting/2024-06-13T15_32_54/TMaze_miniscope2024-06-13T15_32_54.avi'],25,b'NoneType',20,True,1,0,False,0.5,True,[5 5],[11 11],2,b'NoneType',1,5,500,0.8,6.5,5,0,False,b'NoneType',20,1.5,100,True,[0.5 0.5 0.5],1,2,1,True,False,0.65,[8 8],"[b'slice(None, None, None)' b'slice(None, None, None)']",False,8,[25 25],b'NoneType',1,True,80,b'NoneType',b'NoneType',[32 32],True,True,281,281,[64 64],4,True,15,1,False,False,1,1,500,False,22508,5,inf,5,10,2.0,5,100,5,True,0,False,inf,False,0.75,False,False,False,False,False,False,0.5,-50,-56.74776500523048,0.5,200,True,False,True,True,0,False,True,b'NoneType',1,16,0,True,0,2,2,False,32,False,16,True,False,False,5,3072,7732,[0.25 0.5 ],1,b'NoneType',b'NoneType',0.5,0.1,b'NoneType',3,2.0,0.9,-1,0.75,False,False,0.001,b'NoneType',100,2,b'NoneType',3,0.01,False,False,False,False,5,3,"[[0 0 1 0 0]
 [0 1 1 1 0]
 [1 1 1 1 1]
 [0 1 1 1 0]
 [0 0 1 0 0]]",True,0.1,b'NoneType',7732,0,True,0.9999,20,b'NoneType',b'NoneType',True,2,False,5000,0.96,5,0,[0.25 0.5 ],20,False,1,b'NoneType',[b'ECOS' b'SCS'],False,952,caiman_results.hdf5,C
0.56,[480 640],[0.83 0.83],[b'/media/toor/Seagate2/CaimanTesting/2024-06-14T17_19_31/TMaze_miniscope2024-06-14T17_19_31.avi'],25,b'NoneType',20,True,1,0,False,0.5,True,[5 5],[11 11],2,b'NoneType',1,5,500,0.8,6.5,5,0,False,b'NoneType',20,1.5,100,True,[0.5 0.5 0.5],1,2,1,True,False,0.65,[8 8],"[b'slice(None, None, None)' b'slice(None, None, None)']",False,8,[25 25],b'NoneType',1,True,80,b'NoneType',b'NoneType',[32 32],True,True,281,281,[64 64],4,True,15,1,False,False,1,1,500,False,22500,5,inf,5,10,2.0,5,100,5,True,0,False,inf,False,0.75,False,False,False,False,False,False,0.5,-50,-56.74776500523048,0.5,200,True,False,True,True,0,False,True,b'NoneType',1,16,0,True,0,2,2,False,32,False,16,True,False,False,5,3072,7700,[0.25 0.5 ],1,b'NoneType',b'NoneType',0.5,0.1,b'NoneType',3,2.0,0.9,-1,0.75,False,False,0.001,b'NoneType',100,2,b'NoneType',3,0.01,False,False,False,False,5,3,"[[0 0 1 0 0]
 [0 1 1 1 0]
 [1 1 1 1 1]
 [0 1 1 1 0]
 [0 0 1 0 0]]",True,0.1,b'NoneType',7700,0,True,0.9999,20,b'NoneType',b'NoneType',True,2,False,5000,0.96,5,0,[0.25 0.5 ],20,False,1,b'NoneType',[b'ECOS' b'SCS'],False,955,caiman_results.hdf5,C
