mouse,task,folder_stamp,n,best_d,bpod,nT,dur,note
Mouse163,Linear,2024-05-21 15:55:45,1,-815.285747,Mouse163/LinearTrack/Session Data/Mouse163_LinearTrack_20240521_154536.mat,1.0,884.2916,
Mouse163,Linear,2024-05-22 17:12:36,0,,,,,NO_BPOD_AT_ALL
Mouse1636,Linear,2024-05-22 18:10:40,1,26.603367,Mouse1636/LinearTrack/Session Data/Mouse1636_LinearTrack_20240522_181714.mat,1.0,52.6583,
Mouse1639,Linear,2024-05-22 18:43:07,0,,,,,NO_BPOD_AT_ALL
Mouse1639,Linear,2024-05-23 17:10:09,2,-53.53408,Mouse1639/LinearTrack/Session Data/Mouse1639_LinearTrack_20240523_171238.mat,6.0,955.0705,
Mouse1636,Linear,2024-05-23 17:41:51,1,-427.754944,Mouse1636/LinearTrack/Session Data/Mouse1636_LinearTrack_20240523_174137.mat,4.0,961.9008,
Mouse1637,Linear,2024-05-23 18:14:05,0,,,,,NO_BPOD_AT_ALL
Mouse163,Linear,2024-05-23 18:44:49,1,4.183245,Mouse163/LinearTrack/Session Data/Mouse163_LinearTrack_20240523_185041.mat,4.0,1552.4952999999998,
Mouse1639,Linear,2024-05-24 17:02:07,1,44.401114,Mouse1639/LinearTrack/Session Data/Mouse1639_LinearTrack_20240524_170848.mat,9.0,1212.1594,
Mouse1636,Linear,2024-05-24 17:36:51,1,-53.677491,Mouse1636/LinearTrack/Session Data/Mouse1636_LinearTrack_20240524_174206.mat,6.0,992.7989,
Mouse163,Linear,2024-05-24 18:09:48,1,8.855514,Mouse163/LinearTrack/Session Data/Mouse163_LinearTrack_20240524_181824.mat,12.0,1114.9077,
Mouse1637,Linear,2024-05-24 18:42:16,1,26.828532,Mouse1637/LinearTrack/Session Data/Mouse1637_LinearTrack_20240524_184858.mat,5.0,1179.176,
Mouse163,Linear,2024-05-25 17:10:02,0,,,,,NO_BPOD_AT_ALL
Mouse1636,Linear,2024-05-25 17:49:48,1,-21.055667,Mouse1636/LinearTrack/Session Data/Mouse1636_LinearTrack_20240525_175641.mat,12.0,1322.194,
Mouse1637,Linear,2024-05-25 18:27:34,1,-16.97399,Mouse1637/LinearTrack/Session Data/Mouse1637_LinearTrack_20240525_183355.mat,10.0,881.5919,
Mouse1639,Linear,2024-05-25 19:15:57,1,-1057.920729,Mouse1639/LinearTrack/Session Data/Mouse1639_LinearTrack_20240525_190143.mat,26.0,1348.4495,
Mouse1639,Linear,2024-05-26 13:33:52,1,-25.580416,Mouse1639/LinearTrack/Session Data/Mouse1639_LinearTrack_20240526_134003.mat,50.0,1268.27,
Mouse163,Linear,2024-05-26 14:08:18,1,-7.744217,Mouse163/LinearTrack/Session Data/Mouse163_LinearTrack_20240526_141401.mat,30.0,1261.9906,
Mouse1637,Linear,2024-05-26 14:39:05,1,-31.586048,Mouse1637/LinearTrack/Session Data/Mouse1637_LinearTrack_20240526_144437.mat,31.0,1279.3185,
Mouse1636,Linear,2024-05-26 15:10:14,1,-17.966425,Mouse1636/LinearTrack/Session Data/Mouse1636_LinearTrack_20240526_151603.mat,18.0,1076.33,
Mouse1636,Linear,2024-05-27 13:27:43,1,-24.762073,Mouse1636/LinearTrack/Session Data/Mouse1636_LinearTrack_20240527_133344.mat,36.0,1496.6476,
Mouse1637,Linear,2024-05-27 14:03:29,1,-38.053824,Mouse1637/LinearTrack/Session Data/Mouse1637_LinearTrack_20240527_140859.mat,32.0,1279.5177,
Mouse1639,Linear,2024-05-27 14:38:30,1,16.748314,Mouse1639/LinearTrack/Session Data/Mouse1639_LinearTrack_20240527_144457.mat,36.0,1207.2636000000002,
Mouse163,Linear,2024-05-27 15:10:56,1,17.693888,Mouse163/LinearTrack/Session Data/Mouse163_LinearTrack_20240527_151736.mat,36.0,1219.7277,
Mouse163,Linear,2024-05-28 12:02:30,1,-44.794048,Mouse163/LinearTrack/Session Data/Mouse163_LinearTrack_20240528_120811.mat,33.0,1371.5965,
Mouse1637,Linear,2024-05-28 12:36:37,1,-6.19904,Mouse1637/LinearTrack/Session Data/Mouse1637_LinearTrack_20240528_124254.mat,45.0,1528.2481,
Mouse1636,Linear,2024-05-28 13:23:26,2,-30.902016,Mouse1636/LinearTrack/Session Data/Mouse1636_LinearTrack_20240528_132935.mat,63.0,1290.4973,
Mouse1639,Linear,2024-05-28 13:57:12,1,-7.941619,Mouse1639/LinearTrack/Session Data/Mouse1639_LinearTrack_20240528_140318.mat,54.0,1302.8041999999998,
Mouse1637,Linear,2024-05-29 16:51:58,1,-4.907059,Mouse1637/LinearTrack/Session Data/Mouse1637_LinearTrack_20240529_165701.mat,50.0,1238.0666,
Mouse1639,Linear,2024-05-29 17:24:09,1,-1.181683,Mouse1639/LinearTrack/Session Data/Mouse1639_LinearTrack_20240529_173015.mat,65.0,1168.4323,
Mouse1636,Linear,2024-05-29 17:56:04,1,12.951796,Mouse1636/LinearTrack/Session Data/Mouse1636_LinearTrack_20240529_181517.mat,68.0,1281.8072,
Mouse163,Linear,2024-05-29 18:43:41,2,-2.958592,Mouse163/LinearTrack/Session Data/Mouse163_LinearTrack_20240529_185105.mat,42.0,1276.0737,
Mouse1636,Linear,2024-05-30 13:02:37,1,1.118644,Mouse1636/LinearTrack/Session Data/Mouse1636_LinearTrack_20240530_130852.mat,50.0,1218.0421,
Mouse163,Linear,2024-05-30 13:32:54,1,-27.922483,Mouse163/LinearTrack/Session Data/Mouse163_LinearTrack_20240530_133831.mat,26.0,1239.8503,
Mouse1639,Linear,2024-05-30 14:05:49,1,-16.149017,Mouse1639/LinearTrack/Session Data/Mouse1639_LinearTrack_20240530_141250.mat,64.0,1243.9025,
Mouse1637,Linear,2024-05-30 14:37:47,1,-27.444211,Mouse1637/LinearTrack/Session Data/Mouse1637_LinearTrack_20240530_144340.mat,49.0,1152.0845000000002,
Mouse163,Linear,2024-05-31 12:33:02,1,-0.5054460000000001,Mouse163/LinearTrack/Session Data/Mouse163_LinearTrack_20240531_123923.mat,34.0,1272.7026,
Mouse1639,Linear,2024-05-31 13:05:57,1,-11.795212,Mouse1639/LinearTrack/Session Data/Mouse1639_LinearTrack_20240531_131143.mat,60.0,1064.1323,
Mouse1637,Linear,2024-05-31 13:36:37,1,-14.939161,Mouse1637/LinearTrack/Session Data/Mouse1637_LinearTrack_20240531_134230.mat,50.0,1209.4116,
Mouse1636,Linear,2024-06-01 15:22:59,1,-21.414848,Mouse1636/LinearTrack/Session Data/Mouse1636_LinearTrack_20240601_152826.mat,52.0,1285.924,
Mouse163,Linear,2024-06-01 15:55:36,1,-10.983283,Mouse163/LinearTrack/Session Data/Mouse163_LinearTrack_20240601_160134.mat,36.0,1150.8636,
Mouse1639,Linear,2024-06-01 16:27:44,1,-12.372364,Mouse1639/LinearTrack/Session Data/Mouse1639_LinearTrack_20240601_163327.mat,66.0,1223.2704,
Mouse1637,Linear,2024-06-01 16:57:24,1,-15.823104,Mouse1637/LinearTrack/Session Data/Mouse1637_LinearTrack_20240601_170247.mat,57.0,1267.073,
Mouse1637,Linear,2024-06-02 13:36:34,1,0.080602,Mouse1637/LinearTrack/Session Data/Mouse1637_LinearTrack_20240602_134242.mat,51.0,1179.6301,
Mouse1639,Linear,2024-06-02 14:06:58,1,0.486976,Mouse1639/LinearTrack/Session Data/Mouse1639_LinearTrack_20240602_141319.mat,67.0,1104.3849,
Mouse1636,Linear,2024-06-02 14:38:15,1,-21.302374,Mouse1636/LinearTrack/Session Data/Mouse1636_LinearTrack_20240602_144359.mat,57.0,1124.4397,
Mouse163,Linear,2024-06-02 15:10:17,1,-14.028544,Mouse163/LinearTrack/Session Data/Mouse163_LinearTrack_20240602_151546.mat,50.0,1382.1438,
Mouse1637,Linear,2024-06-03 11:49:24,1,-0.692288,Mouse1637/LinearTrack/Session Data/Mouse1637_LinearTrack_20240603_115543.mat,60.0,1218.8744000000002,
Mouse163,Linear,2024-06-03 12:26:40,1,-3.247488,Mouse163/LinearTrack/Session Data/Mouse163_LinearTrack_20240603_123249.mat,51.0,1581.479,
Mouse1636,Linear,2024-06-03 13:02:02,1,1.377588,Mouse1636/LinearTrack/Session Data/Mouse1636_LinearTrack_20240603_130826.mat,55.0,1162.2838,
Mouse1639,Linear,2024-06-03 13:32:48,1,-1.863244,Mouse1639/LinearTrack/Session Data/Mouse1639_LinearTrack_20240603_133852.mat,64.0,1073.598,
Mouse1639,Linear,2024-06-04 08:50:54,1,9.08425,Mouse1639/LinearTrack/Session Data/Mouse1639_LinearTrack_20240604_085831.mat,56.0,1019.4896,
Mouse1636,Linear,2024-06-04 09:26:04,1,-6.08512,Mouse1636/LinearTrack/Session Data/Mouse1636_LinearTrack_20240604_093251.mat,59.0,1423.27,
Mouse163,Linear,2024-06-04 10:03:04,1,-10.203584,Mouse163/LinearTrack/Session Data/Mouse163_LinearTrack_20240604_100940.mat,49.0,1389.0964,
Mouse1637,Linear,2024-06-04 10:37:19,1,5.292877,Mouse1637/LinearTrack/Session Data/Mouse1637_LinearTrack_20240604_104341.mat,58.0,1225.7595,
Mouse1637,Linear,2024-06-05 09:22:16,1,0.064704,Mouse1637/LinearTrack/Session Data/Mouse1637_LinearTrack_20240605_092821.mat,53.0,1474.8155,
Mouse1639,Linear,2024-06-05 10:42:51,1,-9.097984,Mouse1639/LinearTrack/Session Data/Mouse1639_LinearTrack_20240605_104927.mat,66.0,1119.0999,
Mouse1636,Linear,2024-06-06 13:02:30,1,7.263412,Mouse1636/LinearTrack/Session Data/Mouse1636_LinearTrack_20240606_131026.mat,59.0,1259.0368999999998,
Mouse1639,Linear,2024-06-06 13:34:19,1,-5.950668,Mouse1639/LinearTrack/Session Data/Mouse1639_LinearTrack_20240606_134020.mat,70.0,1136.9615,
Mouse163,Linear,2024-06-06 14:05:01,1,-14.251353,Mouse163/LinearTrack/Session Data/Mouse163_LinearTrack_20240606_141150.mat,55.0,1220.1671,
Mouse1637,Linear,2024-06-06 14:35:51,1,-6.730598,Mouse1637/LinearTrack/Session Data/Mouse1637_LinearTrack_20240606_144143.mat,56.0,1216.8203,
Mouse163,Linear,2024-06-07 12:22:25,1,-4.256512,Mouse163/LinearTrack/Session Data/Mouse163_LinearTrack_20240607_123026.mat,62.0,1195.6917,
Mouse1637,Linear,2024-06-07 12:55:13,1,-3.55822,Mouse1637/LinearTrack/Session Data/Mouse1637_LinearTrack_20240607_130101.mat,56.0,1086.0148,
Mouse1636,Linear,2024-06-07 13:24:35,1,6.155136,Mouse1636/LinearTrack/Session Data/Mouse1636_LinearTrack_20240607_133218.mat,65.0,1090.5087,
Mouse1639,Linear,2024-06-07 13:58:48,1,39.587917,Mouse1639/LinearTrack/Session Data/Mouse1639_LinearTrack_20240607_140411.mat,70.0,1343.036,
Mouse1637,Linear,2024-06-08 15:56:23,1,9.908621,Mouse1637/LinearTrack/Session Data/Mouse1637_LinearTrack_20240608_160247.mat,64.0,1205.8752,
Mouse1636,Linear,2024-06-08 16:25:38,1,-0.835494,Mouse1636/LinearTrack/Session Data/Mouse1636_LinearTrack_20240608_163129.mat,72.0,1140.136,
Mouse163,Linear,2024-06-08 16:54:20,1,-3.85006,Mouse163/LinearTrack/Session Data/Mouse163_LinearTrack_20240608_170000.mat,64.0,1209.0498,
Mouse1639,Linear,2024-06-08 17:23:02,1,4.446068,Mouse1639/LinearTrack/Session Data/Mouse1639_LinearTrack_20240608_172826.mat,67.0,1077.6697,
Mouse163,Linear,2024-06-09 13:50:40,1,-5.669568,Mouse163/LinearTrack/Session Data/Mouse163_LinearTrack_20240609_135621.mat,64.0,1191.426,
Mouse1636,Linear,2024-06-09 14:22:18,1,6.497754,Mouse1636/LinearTrack/Session Data/Mouse1636_LinearTrack_20240609_142819.mat,62.0,1051.9954,
Mouse1637,Linear,2024-06-09 14:51:48,1,4.674829,Mouse1637/LinearTrack/Session Data/Mouse1637_LinearTrack_20240609_145749.mat,60.0,1209.2498,
Mouse1639,Linear,2024-06-10 14:19:09,1,8.738176,Mouse1639/LinearTrack/Session Data/Mouse1639_LinearTrack_20240610_142516.mat,38.0,937.779,
Mouse163,TMaze,2024-06-10 14:53:44,1,547.856922,Mouse163/TMaze2/Session Data/Mouse163_TMaze2_20240610_150909.mat,5.0,416.9658,
Mouse163,TMaze,2024-06-10 15:06:00,1,-17.72686,Mouse163/TMaze2/Session Data/Mouse163_TMaze2_20240610_150909.mat,5.0,416.9658,
Mouse163,Linear,2024-06-10 15:21:18,1,6.48882,Mouse163/LinearTrack/Session Data/Mouse163_LinearTrack_20240610_152722.mat,40.0,972.6469,
Mouse1636,TMaze,2024-06-10 16:43:15,1,104.237812,Mouse1636/TMaze2/Session Data/Mouse1636_TMaze2_20240610_164942.mat,9.0,1033.3248,
Mouse1636,Linear,2024-06-10 17:18:39,1,6.759616,Mouse1636/LinearTrack/Session Data/Mouse1636_LinearTrack_20240610_171919.mat,47.0,808.9453,
Mouse1637,TMaze,2024-06-10 17:53:09,1,10.773261,Mouse1637/TMaze2/Session Data/Mouse1637_TMaze2_20240610_175950.mat,10.0,961.9682,
Mouse1637,Linear,2024-06-10 18:27:47,1,11.216717,Mouse1637/LinearTrack/Session Data/Mouse1637_LinearTrack_20240610_183337.mat,62.0,884.2338000000001,
Mouse1639,Linear,2024-06-11 12:38:18,1,3.813056,Mouse1639/LinearTrack/Session Data/Mouse1639_LinearTrack_20240611_124409.mat,65.0,487.831,
Mouse163,TMaze,2024-06-11 13:08:57,1,-1.013427,Mouse163/TMaze2/Session Data/Mouse163_TMaze2_20240611_131457.mat,13.0,749.3564,
Mouse163,Linear,2024-06-11 13:39:40,1,-160.096678,Mouse163/LinearTrack/Session Data/Mouse163_LinearTrack_20240611_134022.mat,34.0,994.6927,
Mouse1637,TMaze,2024-06-11 14:04:49,1,2.049895,Mouse1637/TMaze2/Session Data/Mouse1637_TMaze2_20240611_141112.mat,13.0,788.8298,
Mouse1637,Linear,2024-06-11 14:35:02,1,2.162266,Mouse1637/LinearTrack/Session Data/Mouse1637_LinearTrack_20240611_143524.mat,49.0,861.7912,
Mouse1636,TMaze,2024-06-11 14:57:14,1,9.116826,Mouse1636/TMaze2/Session Data/Mouse1636_TMaze2_20240611_150335.mat,31.0,945.1946,
Mouse1636,Linear,2024-06-11 15:28:05,1,0.205146,Mouse1636/LinearTrack/Session Data/Mouse1636_LinearTrack_20240611_152831.mat,27.0,904.5288,
Mouse1637,TMaze,2024-06-12 13:05:34,1,-8.632,Mouse1637/TMaze2/Session Data/Mouse1637_TMaze2_20240612_131151.mat,17.0,1028.2533,
Mouse1637,Linear,2024-06-12 13:37:36,1,-9.376896,Mouse1637/LinearTrack/Session Data/Mouse1637_LinearTrack_20240612_133753.mat,36.0,983.7017,
Mouse1636,TMaze,2024-06-12 13:59:49,1,-17.722534,Mouse1636/TMaze2/Session Data/Mouse1636_TMaze2_20240612_140540.mat,23.0,935.8648,
Mouse1636,Linear,2024-06-12 14:29:19,1,-6.1487870000000004,Mouse1636/LinearTrack/Session Data/Mouse1636_LinearTrack_20240612_142931.mat,25.0,827.6256,
Mouse163,TMaze,2024-06-12 15:47:58,1,-11.412454,Mouse163/TMaze2/Session Data/Mouse163_TMaze2_20240612_155415.mat,8.0,958.5866,
Mouse163,Linear,2024-06-12 16:17:53,1,-178.93248,Mouse163/LinearTrack/Session Data/Mouse163_LinearTrack_20240612_161816.mat,33.0,952.1841,
Mouse1639,TMaze,2024-06-13 13:22:52,1,4.739533,Mouse1639/TMaze2/Session Data/Mouse1639_TMaze2_20240613_132917.mat,9.0,909.9502,
Mouse1639,Linear,2024-06-13 13:52:41,1,-182.849932,Mouse1639/LinearTrack/Session Data/Mouse1639_LinearTrack_20240613_135301.mat,52.0,573.6599,
Mouse1636,TMaze,2024-06-13 14:17:20,1,-216.815628,Mouse1636/TMaze2/Session Data/Mouse1636_TMaze2_20240613_141936.mat,34.0,954.7152,
Mouse1636,Linear,2024-06-13 14:47:56,1,-2.449344,Mouse1636/LinearTrack/Session Data/Mouse1636_LinearTrack_20240613_144813.mat,21.0,687.8571000000001,
Mouse1637,TMaze,2024-06-13 15:32:54,1,0.206695,Mouse1637/TMaze2/Session Data/Mouse1637_TMaze2_20240613_153945.mat,14.0,917.2897,
Mouse1637,Linear,2024-06-13 16:01:19,1,0.218074,Mouse1637/LinearTrack/Session Data/Mouse1637_LinearTrack_20240613_160137.mat,53.0,914.7837,
Mouse163,TMaze,2024-06-13 16:38:13,1,-17.089472,Mouse163/TMaze2/Session Data/Mouse163_TMaze2_20240613_164414.mat,30.0,960.0826,
Mouse163,Linear,2024-06-13 17:07:55,1,-183.564876,Mouse163/LinearTrack/Session Data/Mouse163_LinearTrack_20240613_170814.mat,28.0,787.9986,
Mouse1636,TMaze,2024-06-14 13:18:46,0,,,,,NO_BPOD_SAME_TASK(other task exists)
Mouse1636,Linear,2024-06-14 13:47:55,1,-8.992179,Mouse1636/LinearTrack/Session Data/Mouse1636_LinearTrack_20240614_134815.mat,8.0,743.0627,
Mouse163,TMaze,2024-06-14 16:20:17,1,-11.718515,Mouse163/TMaze2/Session Data/Mouse163_TMaze2_20240614_162612.mat,25.0,936.6378,
Mouse163,Linear,2024-06-14 16:50:32,2,-138.168972,Mouse163/LinearTrack/Session Data/Mouse163_LinearTrack_20240614_165138.mat,31.0,769.0201999999999,
Mouse1637,TMaze,2024-06-14 17:19:31,1,-7.654835,Mouse1637/TMaze2/Session Data/Mouse1637_TMaze2_20240614_172509.mat,33.0,992.4584,
Mouse1637,Linear,2024-06-14 17:49:23,1,-7.83968,Mouse1637/LinearTrack/Session Data/Mouse1637_LinearTrack_20240614_174945.mat,26.0,470.3705,
Mouse1639,TMaze,2024-06-14 18:15:58,2,-10.930432,Mouse1639/TMaze2/Session Data/Mouse1639_TMaze2_20240614_182158.mat,25.0,952.0313,
Mouse1639,Linear,2024-06-14 18:45:28,1,-186.974412,Mouse1639/LinearTrack/Session Data/Mouse1639_LinearTrack_20240614_184544.mat,59.0,637.2699,
Mouse1637,TMaze,2024-06-15 14:59:45,1,-13.093196,Mouse1637/TMaze2/Session Data/Mouse1637_TMaze2_20240615_150622.mat,27.0,870.2805,
Mouse1637,Linear,2024-06-15 15:29:12,1,-0.614886,Mouse1637/LinearTrack/Session Data/Mouse1637_LinearTrack_20240615_152927.mat,42.0,965.2356,
Mouse1639,TMaze,2024-06-15 15:57:38,1,-7.906841,Mouse1639/TMaze2/Session Data/Mouse1639_TMaze2_20240615_160311.mat,39.0,977.5459,
Mouse1639,Linear,2024-06-15 16:27:44,1,-189.799961,Mouse1639/LinearTrack/Session Data/Mouse1639_LinearTrack_20240615_162757.mat,21.0,824.2411,
Mouse163,TMaze,2024-06-15 16:53:38,1,-8.634636,Mouse163/TMaze2/Session Data/Mouse163_TMaze2_20240615_165926.mat,27.0,975.1756,
Mouse163,Linear,2024-06-15 17:23:28,1,-193.681856,Mouse163/LinearTrack/Session Data/Mouse163_LinearTrack_20240615_172336.mat,32.0,873.2984,
Mouse1636,TMaze,2024-06-15 17:49:08,1,-12.399628,Mouse1636/TMaze2/Session Data/Mouse1636_TMaze2_20240615_175524.mat,26.0,917.4751,
Mouse1636,Linear,2024-06-15 18:20:06,1,-6.791552,Mouse1636/LinearTrack/Session Data/Mouse1636_LinearTrack_20240615_182017.mat,38.0,761.8566000000001,
Mouse163,TMaze,2024-06-16 08:53:08,1,-277.389593,Mouse163/TMaze2/Session Data/Mouse163_TMaze2_20240616_085406.mat,24.0,920.6202,
Mouse163,Linear,2024-06-16 09:21:16,1,-198.001356,Mouse163/LinearTrack/Session Data/Mouse163_LinearTrack_20240616_092121.mat,28.0,923.2894,
Mouse1637,TMaze,2024-06-16 09:47:26,1,-46.638284,Mouse1637/TMaze2/Session Data/Mouse1637_TMaze2_20240616_095233.mat,10.0,916.4951,
Mouse1637,Linear,2024-06-16 10:16:06,1,-9.273011,Mouse1637/LinearTrack/Session Data/Mouse1637_LinearTrack_20240616_101610.mat,47.0,921.6219,
Mouse1639,TMaze,2024-06-16 10:41:55,1,-48.318988,Mouse1639/TMaze2/Session Data/Mouse1639_TMaze2_20240616_104702.mat,35.0,886.0638,
Mouse1639,Linear,2024-06-16 11:12:23,1,-191.768716,Mouse1639/LinearTrack/Session Data/Mouse1639_LinearTrack_20240616_111233.mat,36.0,557.8615,
Mouse1636,Linear,2024-06-16 12:06:38,1,0.547098,Mouse1636/LinearTrack/Session Data/Mouse1636_LinearTrack_20240616_120651.mat,24.0,840.6632999999999,
Mouse1636,Linear,2024-06-17 11:34:09,1,-11.090265,Mouse1636/LinearTrack/Session Data/Mouse1636_LinearTrack_20240617_113417.mat,15.0,238.7003,
Mouse1639,TMaze,2024-06-17 12:00:15,1,-33.897152,Mouse1639/TMaze2/Session Data/Mouse1639_TMaze2_20240617_120522.mat,46.0,910.8796,
Mouse1639,Linear,2024-06-17 12:28:56,1,-188.154611,Mouse1639/LinearTrack/Session Data/Mouse1639_LinearTrack_20240617_122910.mat,25.0,289.5267,
Mouse163,TMaze,2024-06-17 16:23:35,1,-26.124505,Mouse163/TMaze2/Session Data/Mouse163_TMaze2_20240617_162901.mat,34.0,917.7777,
Mouse163,Linear,2024-06-17 16:53:10,1,-194.077504,Mouse163/LinearTrack/Session Data/Mouse163_LinearTrack_20240617_165320.mat,34.0,776.8068999999999,
Mouse1637,TMaze,2024-06-17 17:20:01,1,-15.155968,Mouse1637/TMaze2/Session Data/Mouse1637_TMaze2_20240617_172525.mat,31.0,781.6184,
Mouse1637,Linear,2024-06-17 17:49:02,1,-3.555916,Mouse1637/LinearTrack/Session Data/Mouse1637_LinearTrack_20240617_174911.mat,52.0,895.9388,
Mouse1636,TMaze,2024-06-18 12:23:57,1,-7.351552,Mouse1636/TMaze2/Session Data/Mouse1636_TMaze2_20240618_122955.mat,45.0,948.5139,
Mouse1636,Linear,2024-06-18 12:55:31,1,1.219943,Mouse1636/LinearTrack/Session Data/Mouse1636_LinearTrack_20240618_125540.mat,18.0,581.3138,
Mouse163,TMaze,2024-06-18 13:21:30,1,-12.31008,Mouse163/TMaze2/Session Data/Mouse163_TMaze2_20240618_132720.mat,17.0,965.9748,
Mouse163,Linear,2024-06-18 13:51:09,1,-199.247283,Mouse163/LinearTrack/Session Data/Mouse163_LinearTrack_20240618_135112.mat,35.0,912.099,
Mouse1639,TMaze,2024-06-18 14:18:25,2,-13.53559,Mouse1639/TMaze2/Session Data/Mouse1639_TMaze2_20240618_142451.mat,4.0,52.5424,
Mouse1639,TMaze,2024-06-18 14:39:25,2,-34.608064,Mouse1639/TMaze2/Session Data/Mouse1639_TMaze2_20240618_143918.mat,53.0,917.1402,
Mouse1639,Linear,2024-06-18 15:06:31,1,-187.986803,Mouse1639/LinearTrack/Session Data/Mouse1639_LinearTrack_20240618_150646.mat,45.0,490.3114,
Mouse1637,TMaze,2024-06-18 15:31:59,1,-10.765772,Mouse1637/TMaze2/Session Data/Mouse1637_TMaze2_20240618_153826.mat,27.0,903.2135,
Mouse1637,Linear,2024-06-18 16:00:58,1,-5.858662,Mouse1637/LinearTrack/Session Data/Mouse1637_LinearTrack_20240618_160115.mat,32.0,500.8993,
Mouse163,TMaze,2024-06-19 09:20:02,1,-10.774195,Mouse163/TMaze2/Session Data/Mouse163_TMaze2_20240619_092538.mat,39.0,922.6252,
Mouse163,Linear,2024-06-19 09:50:05,1,-191.567564,Mouse163/LinearTrack/Session Data/Mouse163_LinearTrack_20240619_095016.mat,27.0,941.2385,
Mouse1637,TMaze,2024-06-19 10:16:49,1,-8.63424,Mouse1637/TMaze2/Session Data/Mouse1637_TMaze2_20240619_102235.mat,21.0,902.1176,
Mouse1637,Linear,2024-06-19 10:45:15,1,-21.722521,Mouse1637/LinearTrack/Session Data/Mouse1637_LinearTrack_20240619_104525.mat,38.0,607.6885,
Mouse1639,TMaze,2024-06-19 11:37:25,1,469.84177999999997,Mouse1639/TMaze4/Session Data/Mouse1639_TMaze4_20240619_114717.mat,37.0,969.3318,
Mouse1639,TMaze,2024-06-19 11:41:30,1,-11.698841,Mouse1639/TMaze4/Session Data/Mouse1639_TMaze4_20240619_114717.mat,37.0,969.3318,
Mouse1639,Linear,2024-06-19 12:12:26,1,-177.130739,Mouse1639/LinearTrack/Session Data/Mouse1639_LinearTrack_20240619_121251.mat,33.0,896.438,
Mouse1636,TMaze,2024-06-19 12:38:45,1,47.663514,Mouse1636/TMaze4/Session Data/Mouse1636_TMaze4_20240619_124620.mat,21.0,843.0070999999999,
Mouse1636,Linear,2024-06-19 13:09:38,1,-21.943782,Mouse1636/LinearTrack/Session Data/Mouse1636_LinearTrack_20240619_130951.mat,33.0,918.5916,
Mouse1637,TMaze,2024-06-20 13:33:38,1,-27.295091,Mouse1637/TMaze2/Session Data/Mouse1637_TMaze2_20240620_133932.mat,27.0,937.3964,
Mouse1637,Linear,2024-06-20 14:04:10,1,-20.044864,Mouse1637/LinearTrack/Session Data/Mouse1637_LinearTrack_20240620_140426.mat,36.0,899.2121000000001,
Mouse163,TMaze,2024-06-20 14:29:27,1,-20.30496,Mouse163/TMaze2/Session Data/Mouse163_TMaze2_20240620_143447.mat,33.0,907.866,
Mouse163,Linear,2024-06-20 15:05:28,1,-205.74519,Mouse163/LinearTrack/Session Data/Mouse163_LinearTrack_20240620_150542.mat,29.0,908.7052,
Mouse1636,Linear,2024-06-20 15:41:54,1,-15.13454,Mouse1636/LinearTrack/Session Data/Mouse1636_LinearTrack_20240620_154921.mat,7.0,249.6859,
Mouse1639,Linear,2024-06-20 15:59:49,1,-9.751142,Mouse1639/LinearTrack/Session Data/Mouse1639_LinearTrack_20240620_160738.mat,66.0,575.7931,
Mouse1639,TMaze,2024-06-20 16:25:17,1,-11.876441,Mouse1639/TMaze4/Session Data/Mouse1639_TMaze4_20240620_162535.mat,23.0,627.7944,
Mouse163,Linear,2024-06-21 12:22:32,1,-8.366195,Mouse163/LinearTrack/Session Data/Mouse163_LinearTrack_20240621_122831.mat,42.0,914.5602,
Mouse163,TMaze,2024-06-21 12:51:59,1,-178.378662,Mouse163/TMaze2/Session Data/Mouse163_TMaze2_20240621_125223.mat,24.0,840.5214,
Mouse1637,Linear,2024-06-21 13:22:46,1,-8.806425,Mouse1637/LinearTrack/Session Data/Mouse1637_LinearTrack_20240621_132813.mat,39.0,629.4017,
Mouse1637,TMaze,2024-06-21 13:47:43,1,-184.240832,Mouse1637/TMaze2/Session Data/Mouse1637_TMaze2_20240621_134801.mat,26.0,916.0006,
Mouse1636,Linear,2024-06-21 14:16:59,0,,,,,NO_BPOD_AT_ALL
Mouse1639,TMaze,2024-06-21 14:34:25,1,-127.326732,Mouse1639/TMaze4/Session Data/Mouse1639_TMaze4_20240621_143739.mat,28.0,633.412,
Mouse1639,Linear,2024-06-21 14:58:49,1,-179.032012,Mouse1639/LinearTrack/Session Data/Mouse1639_LinearTrack_20240621_145912.mat,49.0,432.1769,
Mouse1639,Linear,2024-06-22 15:01:27,1,-15.841472,Mouse1639/LinearTrack/Session Data/Mouse1639_LinearTrack_20240622_150715.mat,52.0,404.3428,
Mouse1639,TMaze,2024-06-22 15:22:15,1,-9.092953,Mouse1639/TMaze4/Session Data/Mouse1639_TMaze4_20240622_152232.mat,6.0,424.0949,
Mouse163,TMaze,2024-06-22 15:49:19,1,-7.461337,Mouse163/TMaze2/Session Data/Mouse163_TMaze2_20240622_155515.mat,39.0,897.4057,
Mouse163,Linear,2024-06-22 16:18:13,1,-191.093478,Mouse163/LinearTrack/Session Data/Mouse163_LinearTrack_20240622_161826.mat,34.0,906.928,
Mouse1637,TMaze,2024-06-22 16:45:33,1,-18.584268,Mouse1637/TMaze2/Session Data/Mouse1637_TMaze2_20240622_165056.mat,41.0,946.6026,
Mouse1637,Linear,2024-06-22 17:15:00,1,-11.385126,Mouse1637/LinearTrack/Session Data/Mouse1637_LinearTrack_20240622_171510.mat,28.0,412.8491,
Mouse1637,TMaze,2024-06-23 09:09:11,1,-26.903257,Mouse1637/TMaze2/Session Data/Mouse1637_TMaze2_20240623_091441.mat,23.0,924.343,
Mouse1637,Linear,2024-06-23 09:40:38,1,-9.321344,Mouse1637/LinearTrack/Session Data/Mouse1637_LinearTrack_20240623_094057.mat,34.0,677.6199,
Mouse1639,Linear,2024-06-23 10:06:28,1,48.95584,Mouse1639/LinearTrack/Session Data/Mouse1639_LinearTrack_20240623_101326.mat,38.0,674.5091,
Mouse1639,TMaze,2024-06-23 10:36:54,1,-83.586572,Mouse1639/TMaze4/Session Data/Mouse1639_TMaze4_20240623_103716.mat,22.0,840.1211999999999,
Mouse163,TMaze,2024-06-23 11:04:34,1,-6.247769,Mouse163/TMaze2/Session Data/Mouse163_TMaze2_20240623_111040.mat,38.0,907.2985,
Mouse163,Linear,2024-06-23 11:33:59,1,-192.632588,Mouse163/LinearTrack/Session Data/Mouse163_LinearTrack_20240623_113412.mat,25.0,922.7576,
Mouse163,Linear,2024-06-24 13:22:44,1,147.06706,Mouse163/LinearTrack/Session Data/Mouse163_LinearTrack_20240624_132834.mat,40.0,649.4463,
Mouse163,TMaze,2024-06-24 13:47:01,1,-112.643596,Mouse163/TMaze2/Session Data/Mouse163_TMaze2_20240624_134710.mat,24.0,872.8281999999999,
Mouse1639,TMaze,2024-06-24 14:15:20,1,-9.394688,Mouse1639/TMaze2/Session Data/Mouse1639_TMaze2_20240624_142144.mat,36.0,918.0094,
Mouse1639,Linear,2024-06-24 14:44:30,1,-177.390118,Mouse1639/LinearTrack/Session Data/Mouse1639_LinearTrack_20240624_144455.mat,39.0,362.9524,
Mouse1637,Linear,2024-06-24 15:10:37,1,-25.788876,Mouse1637/LinearTrack/Session Data/Mouse1637_LinearTrack_20240624_151612.mat,45.0,623.875,
Mouse1637,TMaze,2024-06-24 15:34:25,1,-191.561561,Mouse1637/TMaze2/Session Data/Mouse1637_TMaze2_20240624_153436.mat,18.0,882.556,
Mouse1636,Linear,2024-06-25 15:06:13,1,-16.972608,Mouse1636/LinearTrack/Session Data/Mouse1636_LinearTrack_20240625_150628.mat,39.0,908.8725,
Mouse1636,TMaze,2024-06-25 15:25:55,1,-26.307699,Mouse1636/TMaze2/Session Data/Mouse1636_TMaze2_20240625_153101.mat,26.0,930.6769,
Mouse163,TMaze,2024-06-25 15:59:36,1,-14.259225,Mouse163/TMaze2/Session Data/Mouse163_TMaze2_20240625_160508.mat,41.0,928.4317,
Mouse163,Linear,2024-06-25 16:28:40,1,-191.882777,Mouse163/LinearTrack/Session Data/Mouse163_LinearTrack_20240625_162856.mat,34.0,1047.0353,
Mouse1639,Linear,2024-06-25 16:54:55,1,-9.618521,Mouse1639/LinearTrack/Session Data/Mouse1639_LinearTrack_20240625_170035.mat,44.0,332.7812,
Mouse1639,TMaze,2024-06-25 17:14:17,1,-8.553164,Mouse1639/TMaze2/Session Data/Mouse1639_TMaze2_20240625_171426.mat,46.0,770.6503,
Mouse1637,TMaze,2024-06-25 17:37:17,1,-6.990963,Mouse1637/TMaze2/Session Data/Mouse1637_TMaze2_20240625_174243.mat,27.0,906.3222,
Mouse1637,Linear,2024-06-25 18:04:58,1,-9.185689,Mouse1637/LinearTrack/Session Data/Mouse1637_LinearTrack_20240625_180507.mat,33.0,793.3276000000001,
Mouse1636,Linear,2024-06-26 13:16:53,1,-14.383296,Mouse1636/LinearTrack/Session Data/Mouse1636_LinearTrack_20240626_132223.mat,37.0,606.9945,
Mouse1636,TMaze,2024-06-26 13:40:48,1,-271.105689,Mouse1636/TMaze2/Session Data/Mouse1636_TMaze2_20240626_134059.mat,20.0,979.7551,
Mouse1637,TMaze,2024-06-26 14:09:02,1,-16.927744,Mouse1637/TMaze2/Session Data/Mouse1637_TMaze2_20240626_141420.mat,35.0,990.9436,
Mouse1637,Linear,2024-06-26 14:39:53,1,-23.00334,Mouse1637/LinearTrack/Session Data/Mouse1637_LinearTrack_20240626_144014.mat,17.0,724.1069,
Mouse1639,Linear,2024-06-26 15:06:41,1,-10.321843,Mouse1639/LinearTrack/Session Data/Mouse1639_LinearTrack_20240626_151240.mat,44.0,324.7099,
Mouse1639,TMaze,2024-06-26 15:26:18,1,-13.302003,Mouse1639/TMaze2/Session Data/Mouse1639_TMaze2_20240626_152637.mat,17.0,839.4667000000001,
Mouse163,TMaze,2024-06-26 15:51:27,1,-7.54583,Mouse163/TMaze2/Session Data/Mouse163_TMaze2_20240626_155732.mat,44.0,944.674,
Mouse163,Linear,2024-06-26 16:20:39,1,-204.033561,Mouse163/LinearTrack/Session Data/Mouse163_LinearTrack_20240626_162048.mat,28.0,611.5639,
Mouse1639,Linear,2024-06-27 13:47:46,2,-10.70295,Mouse1639/LinearTrack/Session Data/Mouse1639_LinearTrack_20240627_135329.mat,40.0,409.1698,
Mouse1636,Linear,2024-06-27 13:47:46,0,,,,,NO_BPOD_SAME_TASK(other task exists)
Mouse1639,TMaze,2024-06-27 14:09:07,2,-100.168985,Mouse1639/TMaze2/Session Data/Mouse1639_TMaze2_20240627_140929.mat,39.0,907.6589,
Mouse163,TMaze,2024-06-27 14:33:45,1,-7.513676,Mouse163/TMaze2/Session Data/Mouse163_TMaze2_20240627_143938.mat,36.0,917.5909,
Mouse163,Linear,2024-06-27 15:04:01,1,-190.151667,Mouse163/LinearTrack/Session Data/Mouse163_LinearTrack_20240627_150413.mat,31.0,888.1545,
Mouse1639,Linear,2024-06-27 15:28:46,2,-6.081036,Mouse1639/LinearTrack/Session Data/Mouse1639_LinearTrack_20240627_153442.mat,43.0,344.6653,
Mouse1639,TMaze,2024-06-27 15:49:12,2,-11.177164,Mouse1639/TMaze2/Session Data/Mouse1639_TMaze2_20240627_154923.mat,38.0,899.9931,
Mouse1637,TMaze,2024-06-27 16:15:00,1,-27.96078,Mouse1637/TMaze2/Session Data/Mouse1637_TMaze2_20240627_162040.mat,31.0,914.7744,
Mouse1637,Linear,2024-06-27 16:43:57,1,-10.859072,Mouse1637/LinearTrack/Session Data/Mouse1637_LinearTrack_20240627_164409.mat,30.0,704.1776,
Mouse1637,Linear,2024-06-28 14:00:26,1,-25.474688,Mouse1637/LinearTrack/Session Data/Mouse1637_LinearTrack_20240628_140617.mat,40.0,770.0243,
Mouse1637,TMaze,2024-06-28 14:39:53,1,-176.632652,Mouse1637/TMaze2/Session Data/Mouse1637_TMaze2_20240628_144019.mat,12.0,834.8787,
Mouse1639,TMaze,2024-06-28 15:07:15,2,-6.4322040000000005,Mouse1639/TMaze2/Session Data/Mouse1639_TMaze2_20240628_151348.mat,42.0,568.0676000000001,
Mouse1639,Linear,2024-06-28 15:31:33,1,-186.587276,Mouse1639/LinearTrack/Session Data/Mouse1639_LinearTrack_20240628_153149.mat,29.0,278.8698,
Mouse163,Linear,2024-06-28 15:49:56,1,-31.16695,Mouse163/LinearTrack/Session Data/Mouse163_LinearTrack_20240628_155554.mat,41.0,442.4288,
Mouse163,TMaze,2024-06-28 16:15:16,1,-227.365824,Mouse163/TMaze2/Session Data/Mouse163_TMaze2_20240628_161330.mat,41.0,895.0177,
Mouse1636,TMaze,2024-06-28 17:37:44,0,,,,,NO_BPOD_SAME_TASK(other task exists)
Mouse1637,Linear,2024-06-29 17:09:22,1,-7.740889,Mouse1637/LinearTrack/Session Data/Mouse1637_LinearTrack_20240629_171538.mat,43.0,501.1548,
Mouse1637,TMaze,2024-06-29 17:32:11,1,-184.156915,Mouse1637/TMaze2/Session Data/Mouse1637_TMaze2_20240629_173229.mat,11.0,627.6234000000001,
Mouse163,Linear,2024-06-29 17:56:53,1,2696.936948,Mouse163/LinearTrack/Session Data/Mouse163_LinearTrack_20240629_184812.mat,40.0,580.9717,
Mouse1636,TMaze,2024-06-29 18:18:00,1,-264.484953,Mouse1636/TMaze2/Session Data/Mouse1636_TMaze2_20240629_181818.mat,35.0,897.1193,
Mouse163,Linear,2024-06-29 18:42:20,1,-8.67264,Mouse163/LinearTrack/Session Data/Mouse163_LinearTrack_20240629_184812.mat,40.0,580.9717,
Mouse163,TMaze,2024-06-29 19:07:05,1,-109.013491,Mouse163/TMaze2/Session Data/Mouse163_TMaze2_20240629_190718.mat,34.0,915.6752,
Mouse1639,Linear,2024-06-29 19:31:37,1,-6.318515,Mouse1639/LinearTrack/Session Data/Mouse1639_LinearTrack_20240629_193720.mat,43.0,335.601,
Mouse1639,TMaze,2024-06-29 19:50:39,1,-13.969356,Mouse1639/TMaze2/Session Data/Mouse1639_TMaze2_20240629_195053.mat,40.0,733.0507,
Mouse1637,Linear,2024-10-02 13:38:21,1,-29.45486,Mouse1637/LinearTrack/Session Data/Mouse1637_LinearTrack_20241002_133837.mat,9.0,828.8956,
Mouse1639,Linear,2024-10-02 14:09:12,1,-14.120793,Mouse1639/LinearTrack/Session Data/Mouse1639_LinearTrack_20241002_141512.mat,13.0,918.1493,
Mouse1639,TMaze,2024-10-02 14:41:31,1,-209.395443,Mouse1639/TMaze2/Session Data/Mouse1639_TMaze2_20241002_144125.mat,1.0,40.0751,
Mouse1639,TMaze,2024-10-03 13:15:08,1,-35.484697,Mouse1639/TMaze2/Session Data/Mouse1639_TMaze2_20241003_132121.mat,6.0,842.2243,
Mouse1639,Linear,2024-10-03 13:46:50,1,-4.030771,Mouse1639/LinearTrack/Session Data/Mouse1639_LinearTrack_20241003_134737.mat,27.0,988.3846,
Mouse1637,Linear,2024-10-03 14:16:18,1,-57.349248,Mouse1637/LinearTrack/Session Data/Mouse1637_LinearTrack_20241003_142142.mat,32.0,976.7944,
Mouse1639,TMaze,2024-10-04 12:17:06,1,-279.614387,Mouse1639/TMaze2/Session Data/Mouse1639_TMaze2_20241004_121901.mat,17.0,848.3766,
Mouse1639,Linear,2024-10-04 12:50:19,1,-44.283558,Mouse1639/LinearTrack/Session Data/Mouse1639_LinearTrack_20241004_125054.mat,21.0,902.2216,
Mouse1637,Linear,2024-10-04 13:17:47,1,-297.907302,Mouse1637/LinearTrack/Session Data/Mouse1637_LinearTrack_20241004_131844.mat,47.0,837.6414,
Mouse1637,Linear,2024-10-05 15:02:39,1,-29.470809,Mouse1637/LinearTrack/Session Data/Mouse1637_LinearTrack_20241005_150239.mat,23.0,766.6732000000001,
Mouse1639,TMaze,2024-10-05 15:31:25,1,-26.233587,Mouse1639/TMaze2/Session Data/Mouse1639_TMaze2_20241005_153715.mat,13.0,1026.3383,
Mouse1639,Linear,2024-10-05 16:06:36,1,-25.630668,Mouse1639/LinearTrack/Session Data/Mouse1639_LinearTrack_20241005_160642.mat,42.0,915.8268,
Mouse1637,Linear,2024-10-06 12:48:27,1,-15.598348,Mouse1637/LinearTrack/Session Data/Mouse1637_LinearTrack_20241006_124852.mat,27.0,537.7548,
Mouse1639,TMaze,2024-10-06 13:17:01,2,-48.624704,Mouse1639/TMaze2/Session Data/Mouse1639_TMaze2_20241006_132248.mat,1.0,4.8629,
Mouse1639,Linear,2024-10-06 13:27:29,1,-87.125312,Mouse1639/LinearTrack/Session Data/Mouse1639_LinearTrack_20241006_132750.mat,1.0,19.1386,
Mouse1637,Linear,2024-10-07 14:02:49,1,-37.997568,Mouse1637/LinearTrack/Session Data/Mouse1637_LinearTrack_20241007_140253.mat,26.0,909.2676,
Mouse1637,Linear,2024-10-08 13:45:20,1,-43.285555,Mouse1637/LinearTrack/Session Data/Mouse1637_LinearTrack_20241008_134506.mat,22.0,889.1989000000001,
Mouse1639,TMaze,2024-10-09 12:44:33,1,-65.177536,Mouse1639/TMaze2/Session Data/Mouse1639_TMaze2_20241009_125017.mat,25.0,857.4824,
Mouse1639,Linear,2024-10-09 13:15:21,1,-19.073152,Mouse1639/LinearTrack/Session Data/Mouse1639_LinearTrack_20241009_131531.mat,30.0,885.1639,
Mouse1637,Linear,2024-10-09 14:12:40,1,-13.264268,Mouse1637/LinearTrack/Session Data/Mouse1637_LinearTrack_20241009_141252.mat,29.0,915.4286,
Mouse1637,Linear,2024-10-10 12:58:46,1,-14.76672,Mouse1637/LinearTrack/Session Data/Mouse1637_LinearTrack_20241010_125901.mat,17.0,340.8249,
Mouse1639,TMaze,2024-10-10 13:24:35,1,-7.30807,Mouse1639/TMaze2/Session Data/Mouse1639_TMaze2_20241010_133035.mat,17.0,840.41,
Mouse1639,Linear,2024-10-10 13:55:26,1,-8.020723,Mouse1639/LinearTrack/Session Data/Mouse1639_LinearTrack_20241010_135540.mat,45.0,897.4603,
Mouse1639,TMaze,2024-10-11 13:49:03,1,-33.315814,Mouse1639/TMaze2/Session Data/Mouse1639_TMaze2_20241011_135514.mat,35.0,876.5262,
Mouse1639,Linear,2024-10-11 14:21:13,1,-7.499865,Mouse1639/LinearTrack/Session Data/Mouse1639_LinearTrack_20241011_142124.mat,30.0,523.1896,
Mouse1637,Linear,2024-10-11 15:17:23,1,-10.580147,Mouse1637/LinearTrack/Session Data/Mouse1637_LinearTrack_20241011_151735.mat,31.0,445.3323,
Mouse1637,Linear,2024-10-12 14:58:08,1,-123.306739,Mouse1637/LinearTrack/Session Data/Mouse1637_LinearTrack_20241012_145625.mat,30.0,472.8364,
Mouse1639,TMaze,2024-10-12 15:23:44,1,-6.461081,Mouse1639/TMaze2/Session Data/Mouse1639_TMaze2_20241012_152942.mat,48.0,914.6632,
Mouse1639,TMaze,2024-10-13 13:03:25,1,0.137447,Mouse1639/TMaze2/Session Data/Mouse1639_TMaze2_20241013_130931.mat,48.0,929.3199,
Mouse1639,Linear,2024-10-13 13:34:29,1,-13.466406,Mouse1639/LinearTrack/Session Data/Mouse1639_LinearTrack_20241013_133440.mat,10.0,378.8941,
Mouse1637,Linear,2024-10-14 13:05:45,1,-18.736512,Mouse1637/LinearTrack/Session Data/Mouse1637_LinearTrack_20241014_130554.mat,16.0,676.9712999999999,
Mouse1639,TMaze,2024-10-14 13:30:32,1,-12.965043,Mouse1639/TMaze2/Session Data/Mouse1639_TMaze2_20241014_133610.mat,55.0,867.5506,
Mouse1639,Linear,2024-10-14 13:58:59,1,-16.133132,Mouse1639/LinearTrack/Session Data/Mouse1639_LinearTrack_20241014_135906.mat,11.0,677.5603,
Mouse1639,TMaze,2024-10-15 13:21:12,1,-245.981696,Mouse1639/TMaze2/Session Data/Mouse1639_TMaze2_20241015_132326.mat,49.0,891.1091,
Mouse1639,Linear,2024-10-15 13:49:39,1,-17.336153,Mouse1639/LinearTrack/Session Data/Mouse1639_LinearTrack_20241015_134948.mat,7.0,686.7750000000001,
Mouse1637,Linear,2024-10-15 14:43:02,1,-17.563635,Mouse1637/LinearTrack/Session Data/Mouse1637_LinearTrack_20241015_144310.mat,23.0,266.2394,
Mouse1637,Linear,2024-10-16 13:38:56,1,-22.543257,Mouse1637/LinearTrack/Session Data/Mouse1637_LinearTrack_20241016_133905.mat,29.0,774.0452,
Mouse1639,TMaze,2024-10-16 14:03:07,1,-7.611494,Mouse1639/TMaze2/Session Data/Mouse1639_TMaze2_20241016_140853.mat,59.0,896.1698,
Mouse1639,Linear,2024-10-16 14:31:09,1,-21.422681,Mouse1639/LinearTrack/Session Data/Mouse1639_LinearTrack_20241016_143116.mat,10.0,120.9056,
Mouse1639,TMaze,2024-10-17 13:35:01,1,-29.735654,Mouse1639/TMaze4/Session Data/Mouse1639_TMaze4_20241017_134036.mat,27.0,932.9423,
Mouse1639,Linear,2024-10-17 14:06:13,1,-19.844608,Mouse1639/LinearTrack/Session Data/Mouse1639_LinearTrack_20241017_140612.mat,37.0,772.3191999999999,
Mouse1637,Linear,2024-10-17 15:02:01,1,14.465562,Mouse1637/LinearTrack/Session Data/Mouse1637_LinearTrack_20241017_150301.mat,53.0,904.0419,
Mouse1637,Linear,2024-10-18 13:46:24,1,-17.459212,Mouse1637/LinearTrack/Session Data/Mouse1637_LinearTrack_20241018_134636.mat,22.0,542.4997000000001,
Mouse1639,TMaze,2024-10-18 14:10:37,1,-8.451084,Mouse1639/TMaze4/Session Data/Mouse1639_TMaze4_20241018_141646.mat,35.0,855.2600000000001,
Mouse1639,Linear,2024-10-18 14:42:40,1,-10.915008,Mouse1639/LinearTrack/Session Data/Mouse1639_LinearTrack_20241018_144249.mat,33.0,591.1006,
Mouse1639,TMaze,2024-10-19 14:43:39,1,-54.12183,Mouse1639/TMaze4/Session Data/Mouse1639_TMaze4_20241019_144849.mat,27.0,838.3833,
Mouse1639,Linear,2024-10-19 15:14:46,1,-19.811532,Mouse1639/LinearTrack/Session Data/Mouse1639_LinearTrack_20241019_151454.mat,32.0,642.1182,
Mouse1637,Linear,2024-10-19 16:09:05,1,-9.824563,Mouse1637/LinearTrack/Session Data/Mouse1637_LinearTrack_20241019_160909.mat,34.0,840.2817,
Mouse1637,Linear,2024-10-20 14:33:04,1,-11.607244,Mouse1637/LinearTrack/Session Data/Mouse1637_LinearTrack_20241020_143311.mat,14.0,245.9391,
Mouse1639,TMaze,2024-10-21 13:35:16,1,-40.667315,Mouse1639/TMaze4/Session Data/Mouse1639_TMaze4_20241021_134027.mat,25.0,886.1914,
Mouse1639,Linear,2024-10-21 14:07:35,1,-199.527129,Mouse1639/LinearTrack/Session Data/Mouse1639_LinearTrack_20241021_140435.mat,34.0,878.2825,
Mouse1637,Linear,2024-10-21 15:00:44,1,-13.016652,Mouse1637/LinearTrack/Session Data/Mouse1637_LinearTrack_20241021_150051.mat,21.0,334.496,
Mouse1637,Linear,2024-10-22 12:51:41,1,-18.351923,Mouse1637/LinearTrack/Session Data/Mouse1637_LinearTrack_20241022_125148.mat,18.0,746.7354,
Mouse1639,TMaze,2024-10-22 13:16:52,1,-29.455052,Mouse1639/TMaze4/Session Data/Mouse1639_TMaze4_20241022_132157.mat,27.0,897.0402,
Mouse1639,Linear,2024-10-22 13:48:53,1,-22.006412,Mouse1639/LinearTrack/Session Data/Mouse1639_LinearTrack_20241022_134902.mat,39.0,716.9843,
Mouse1639,TMaze,2024-10-23 12:13:17,2,-30.742528,Mouse1639/TMaze4/Session Data/Mouse1639_TMaze4_20241023_121848.mat,3.0,91.6801,
Mouse1639,TMaze,2024-10-23 12:33:51,2,-15.116211,Mouse1639/TMaze4/Session Data/Mouse1639_TMaze4_20241023_123918.mat,24.0,893.0827,
Mouse1639,Linear,2024-10-23 13:01:49,1,-12.617459,Mouse1639/LinearTrack/Session Data/Mouse1639_LinearTrack_20241023_130157.mat,45.0,888.8267,
Mouse1637,Linear,2024-10-23 13:53:18,1,-20.81431,Mouse1637/LinearTrack/Session Data/Mouse1637_LinearTrack_20241023_135324.mat,11.0,900.3458,
Mouse1637,Linear,2024-10-24 14:09:39,0,,,,,NO_BPOD_SAME_TASK(other task exists)
Mouse1639,TMaze,2024-10-24 14:35:02,1,-29.007232,Mouse1639/TMaze4/Session Data/Mouse1639_TMaze4_20241024_144110.mat,27.0,938.8911,
Mouse1639,Linear,2024-10-24 15:05:35,1,-11.923123,Mouse1639/LinearTrack/Session Data/Mouse1639_LinearTrack_20241024_150543.mat,32.0,849.0743,
Mouse1639,TMaze,2024-10-25 12:18:16,1,-32.566054,Mouse1639/TMaze4/Session Data/Mouse1639_TMaze4_20241025_122322.mat,36.0,893.0677,
Mouse1639,Linear,2024-10-25 12:48:11,1,-21.151462,Mouse1639/LinearTrack/Session Data/Mouse1639_LinearTrack_20241025_124823.mat,27.0,693.1743,
Mouse1637,Linear,2024-10-25 13:40:17,1,-9.478681,Mouse1637/LinearTrack/Session Data/Mouse1637_LinearTrack_20241025_134028.mat,16.0,182.4698,
Mouse1637,Linear,2024-10-26 13:14:59,1,-137.492812,Mouse1637/LinearTrack/Session Data/Mouse1637_LinearTrack_20241026_131311.mat,22.0,1800.8857,
Mouse1639,TMaze,2024-10-26 13:41:52,1,43.161895,Mouse1639/TMaze4/Session Data/Mouse1639_TMaze4_20241026_134559.mat,37.0,856.2251,
Mouse1639,Linear,2024-10-26 14:12:14,1,-16.048921,Mouse1639/LinearTrack/Session Data/Mouse1639_LinearTrack_20241026_141228.mat,29.0,379.1423,
Mouse1639,TMaze,2024-10-27 14:02:35,1,-142.331238,Mouse1639/TMaze4/Session Data/Mouse1639_TMaze4_20241027_140600.mat,29.0,897.5327,
Mouse1639,Linear,2024-10-27 14:30:47,1,-19.760435,Mouse1639/LinearTrack/Session Data/Mouse1639_LinearTrack_20241027_143100.mat,34.0,545.9971,
Mouse1637,Linear,2024-10-27 15:22:15,1,-23.501017,Mouse1637/LinearTrack/Session Data/Mouse1637_LinearTrack_20241027_152219.mat,21.0,248.2123,
Mouse1637,Linear,2024-10-28 14:54:19,1,-32.168294,Mouse1637/LinearTrack/Session Data/Mouse1637_LinearTrack_20241028_145431.mat,11.0,168.179,
Mouse1639,TMaze,2024-10-28 15:19:05,1,23.945114,Mouse1639/TMaze4/Session Data/Mouse1639_TMaze4_20241028_152523.mat,19.0,859.6177,
Mouse1639,Linear,2024-10-28 15:47:54,1,-15.506777,Mouse1639/LinearTrack/Session Data/Mouse1639_LinearTrack_20241028_154806.mat,36.0,918.1389,
Mouse1639,TMaze,2024-10-29 13:54:38,1,-41.205286,Mouse1639/TMaze4/Session Data/Mouse1639_TMaze4_20241029_135931.mat,29.0,915.1927,
Mouse1639,Linear,2024-10-29 14:25:39,1,-5.980812,Mouse1639/LinearTrack/Session Data/Mouse1639_LinearTrack_20241029_142551.mat,28.0,523.7357,
Mouse1637,Linear,2024-10-29 15:19:08,1,-24.225267,Mouse1637/LinearTrack/Session Data/Mouse1637_LinearTrack_20241029_151904.mat,26.0,273.147,
Mouse1637,Linear,2024-10-30 14:36:05,1,-89.782643,Mouse1637/LinearTrack/Session Data/Mouse1637_LinearTrack_20241030_143504.mat,27.0,358.0493,
Mouse1639,TMaze,2024-10-30 15:01:42,1,-9.333568,Mouse1639/TMaze4/Session Data/Mouse1639_TMaze4_20241030_150730.mat,18.0,882.3661000000001,
Mouse1637,Linear,2024-10-31 13:40:30,1,-4.956339,Mouse1637/LinearTrack/Session Data/Mouse1637_LinearTrack_20241031_134557.mat,57.0,663.4243,
Mouse1637,Linear,2024-11-01 13:08:11,1,-5.28919,Mouse1637/LinearTrack/Session Data/Mouse1637_LinearTrack_20241101_131349.mat,70.0,727.4107,
Mouse1637,Linear,2024-11-02 13:06:59,1,-70.814374,Mouse1637/LinearTrack/Session Data/Mouse1637_LinearTrack_20241102_131139.mat,55.0,598.7942,
Mouse1637,Linear,2024-11-03 13:10:29,1,3.6560129999999997,Mouse1637/LinearTrack/Session Data/Mouse1637_LinearTrack_20241103_131801.mat,74.0,684.7563,
Mouse1637,Linear,2024-11-04 14:19:30,2,-10.578764,Mouse1637/LinearTrack/Session Data/Mouse1637_LinearTrack_20241104_142512.mat,56.0,662.8732,
Mouse1637,Linear,2024-11-05 14:39:19,1,-408.31584,Mouse1637/LinearTrack/Session Data/Mouse1637_LinearTrack_20241105_143809.mat,75.0,816.3399,
Mouse1637,Linear,2024-11-06 14:59:26,1,-412.584755,Mouse1637/LinearTrack/Session Data/Mouse1637_LinearTrack_20241106_145837.mat,52.0,451.4312,
Mouse1637,Linear,2024-11-07 14:12:14,1,-446.170406,Mouse1637/LinearTrack/Session Data/Mouse1637_LinearTrack_20241107_141041.mat,62.0,725.1686,
Mouse1637,Linear,2024-11-08 14:14:47,1,-196.501478,Mouse1637/LinearTrack/Session Data/Mouse1637_LinearTrack_20241108_141747.mat,69.0,750.6948,
Mouse1637,Linear,2024-11-09 14:30:28,1,-283.446809,Mouse1637/LinearTrack/Session Data/Mouse1637_LinearTrack_20241109_143125.mat,75.0,839.6986999999999,
Mouse1637,Linear,2024-11-10 14:57:58,1,-16.973478,Mouse1637/LinearTrack/Session Data/Mouse1637_LinearTrack_20241110_150311.mat,78.0,827.6803,
Mouse1637,Linear,2024-11-11 14:09:51,1,-8.960652,Mouse1637/LinearTrack/Session Data/Mouse1637_LinearTrack_20241111_141525.mat,59.0,631.8466999999999,
Mouse1637,Linear,2024-11-12 11:52:38,1,-27.308556,Mouse1637/LinearTrack/Session Data/Mouse1637_LinearTrack_20241112_115810.mat,70.0,848.1065,
Mouse1637,Linear,2024-11-13 13:14:55,1,-9.856217000000001,Mouse1637/LinearTrack/Session Data/Mouse1637_LinearTrack_20241113_132023.mat,67.0,799.4649,
Mouse847,Linear,2025-11-10 17:24:58,0,,,,,NO_BPOD_AT_ALL
Mouse847,Linear,2025-11-11 16:33:35,1,-253.016486,Mouse847/LinearTrack/Session Data/Mouse847_LinearTrack_20251111_163540.mat,10.0,785.12,
Mouse847,Linear,2025-11-12 17:19:09,1,-628.888051,Mouse847/LinearTrack/Session Data/Mouse847_LinearTrack_20251112_171436.mat,24.0,929.793,
Mouse847,Linear,2025-11-13 16:28:58,1,-30.241638000000002,Mouse847/LinearTrack/Session Data/Mouse847_LinearTrack_20251113_163416.mat,22.0,1025.5283,
Mouse847,Linear,2025-11-14 16:26:24,1,-447.198924,Mouse847/LinearTrack/Session Data/Mouse847_LinearTrack_20251114_162436.mat,30.0,908.3759,
Mouse847,Linear,2025-11-15 16:59:48,1,-5.139865,Mouse847/LinearTrack/Session Data/Mouse847_LinearTrack_20251115_170523.mat,51.0,1108.6189,
Mouse847,Linear,2025-11-16 16:53:12,1,-141.207257,Mouse847/LinearTrack/Session Data/Mouse847_LinearTrack_20251116_165650.mat,46.0,1001.9805,
Mouse943,Linear,2025-11-17 17:15:35,0,,,,,NO_BPOD_AT_ALL
Mouse847,Linear,2025-11-17 17:52:11,1,-249.411712,Mouse847/LinearTrack/Session Data/Mouse847_LinearTrack_20251117_175336.mat,46.0,964.5075,
Mouse943,Linear,2025-11-18 17:44:50,1,-134.873971,Mouse943/LinearTrack/Session Data/Mouse943_LinearTrack_20251118_174938.mat,6.0,888.3772,
Mouse847,Linear,2025-11-18 18:18:23,1,-8.986112,Mouse847/LinearTrack/Session Data/Mouse847_LinearTrack_20251118_182356.mat,40.0,946.1701,
Mouse943,Linear,2025-11-19 17:24:26,1,-6.918233,Mouse943/LinearTrack/Session Data/Mouse943_LinearTrack_20251119_173000.mat,14.0,1095.9739,
Mouse943,Linear,2025-11-19 17:32:53,1,-174.834969,Mouse943/LinearTrack/Session Data/Mouse943_LinearTrack_20251119_173000.mat,14.0,1095.9739,
Mouse847,Linear,2025-11-19 17:59:46,2,-37.648396,Mouse847/LinearTrack/Session Data/Mouse847_LinearTrack_20251119_180441.mat,44.0,951.5068,
Mouse943,Linear,2025-11-20 16:55:03,1,-26.71575,Mouse943/LinearTrack/Session Data/Mouse943_LinearTrack_20251120_170051.mat,23.0,1328.2116,
Mouse847,Linear,2025-11-20 17:33:29,1,-13.592128,Mouse847/LinearTrack/Session Data/Mouse847_LinearTrack_20251120_173919.mat,50.0,1244.7175,
Mouse943,Linear,2025-11-21 17:35:42,1,-35.354444,Mouse943/LinearTrack/Session Data/Mouse943_LinearTrack_20251121_174050.mat,30.0,1809.2495,
Mouse847,Linear,2025-11-21 18:22:12,1,-4.202483,Mouse847/LinearTrack/Session Data/Mouse847_LinearTrack_20251121_182743.mat,38.0,1012.5858,
Mouse943,Linear,2025-11-22 17:18:48,1,-38.090739,Mouse943/LinearTrack/Session Data/Mouse943_LinearTrack_20251122_172354.mat,31.0,1093.2349,
Mouse847,Linear,2025-11-22 17:52:30,1,3.641959,Mouse847/LinearTrack/Session Data/Mouse847_LinearTrack_20251122_175814.mat,50.0,1111.3171,
Mouse943,Linear,2025-11-23 17:04:03,1,-28.9312,Mouse943/LinearTrack/Session Data/Mouse943_LinearTrack_20251123_170941.mat,43.0,1020.0847,
Mouse943,Linear,2025-11-23 17:01:53,1,-29.093248,Mouse943/LinearTrack/Session Data/Mouse943_LinearTrack_20251123_170941.mat,43.0,1020.0847,
Mouse847,Linear,2025-11-23 17:37:09,2,3.774541,Mouse847/LinearTrack/Session Data/Mouse847_LinearTrack_20251123_174252.mat,38.0,851.5762,
Mouse943,Linear,2025-11-24 17:32:16,1,-7.555161,Mouse943/LinearTrack/Session Data/Mouse943_LinearTrack_20251124_173927.mat,45.0,1410.4165,
Mouse943,Linear,2025-11-24 17:32:55,1,-7.555161,Mouse943/LinearTrack/Session Data/Mouse943_LinearTrack_20251124_173927.mat,45.0,1410.4165,
Mouse847,Linear,2025-11-24 18:12:27,1,-25.018073,Mouse847/LinearTrack/Session Data/Mouse847_LinearTrack_20251124_181821.mat,34.0,856.2547000000001,
Mouse847,Linear,2025-11-24 18:04:45,1,-25.240422,Mouse847/LinearTrack/Session Data/Mouse847_LinearTrack_20251124_181821.mat,34.0,856.2547000000001,
Mouse943,Linear,2025-11-25 17:31:54,1,-46.275494,Mouse943/LinearTrack/Session Data/Mouse943_LinearTrack_20251125_173820.mat,47.0,924.5998,
Mouse847,Linear,2025-11-25 18:05:49,1,-5.192064,Mouse847/LinearTrack/Session Data/Mouse847_LinearTrack_20251125_181213.mat,36.0,905.0532,
Mouse847,Linear,2025-11-25 18:03:59,1,-5.874662,Mouse847/LinearTrack/Session Data/Mouse847_LinearTrack_20251125_181213.mat,36.0,905.0532,
Mouse943,Linear,2025-11-26 17:02:57,1,-100.517964,Mouse943/LinearTrack/Session Data/Mouse943_LinearTrack_20251126_170653.mat,37.0,928.5879,
Mouse847,Linear,2025-11-26 17:34:26,1,18.841792,Mouse847/LinearTrack/Session Data/Mouse847_LinearTrack_20251126_174021.mat,29.0,894.0183000000001,
Mouse847,Linear,2025-11-26 17:33:33,1,18.817498,Mouse847/LinearTrack/Session Data/Mouse847_LinearTrack_20251126_174021.mat,29.0,894.0183000000001,
Mouse943,Linear,2025-11-27 17:19:18,1,-331.50894,Mouse943/LinearTrack/Session Data/Mouse943_LinearTrack_20251127_171956.mat,44.0,910.5419,
Mouse943,Linear,2025-11-27 17:18:37,1,-331.705523,Mouse943/LinearTrack/Session Data/Mouse943_LinearTrack_20251127_171956.mat,44.0,910.5419,
Mouse847,Linear,2025-11-27 17:50:58,1,-10.562188,Mouse847/LinearTrack/Session Data/Mouse847_LinearTrack_20251127_175619.mat,48.0,877.8342,
Mouse847,Linear,2025-11-27 17:48:59,1,-13.408537,Mouse847/LinearTrack/Session Data/Mouse847_LinearTrack_20251127_175619.mat,48.0,877.8342,
Mouse943,Linear,2025-11-29 17:45:37,1,-23.584742,Mouse943/LinearTrack/Session Data/Mouse943_LinearTrack_20251129_175052.mat,42.0,884.0778,
Mouse943,Linear,2025-11-29 17:37:18,1,-23.665202999999998,Mouse943/LinearTrack/Session Data/Mouse943_LinearTrack_20251129_175052.mat,42.0,884.0778,
Mouse847,Linear,2025-11-29 18:16:31,1,-19.856832,Mouse847/LinearTrack/Session Data/Mouse847_LinearTrack_20251129_182226.mat,34.0,924.9778,
Mouse847,Linear,2025-11-29 18:17:37,1,-19.887731,Mouse847/LinearTrack/Session Data/Mouse847_LinearTrack_20251129_182226.mat,34.0,924.9778,
Mouse943,Linear,2025-11-30 17:35:05,1,-49.334912,Mouse943/LinearTrack/Session Data/Mouse943_LinearTrack_20251130_174012.mat,38.0,947.0016,
Mouse943,Linear,2025-11-30 17:33:16,1,-49.748262,Mouse943/LinearTrack/Session Data/Mouse943_LinearTrack_20251130_174012.mat,38.0,947.0016,
Mouse847,Linear,2025-11-30 18:06:18,1,-102.189734,Mouse847/LinearTrack/Session Data/Mouse847_LinearTrack_20251130_181105.mat,40.0,860.2228,
Mouse943,Linear,2025-12-01 17:49:14,1,3.892352,Mouse943/LinearTrack/Session Data/Mouse943_LinearTrack_20251201_175519.mat,48.0,990.0762,
Mouse847,TMaze,2025-12-01 18:59:37,1,-105.105894,Mouse847/TMaze4/Session Data/Mouse847_TMaze4_20251201_190531.mat,8.0,1461.2817,
Mouse847,Linear,2025-12-01 18:56:24,1,-37.034598,Mouse847/LinearTrack/Session Data/Mouse847_LinearTrack_20251201_193652.mat,34.0,952.8794,
Mouse943,Linear,2025-12-02 17:58:09,1,-85.196108,Mouse943/LinearTrack/Session Data/Mouse943_LinearTrack_20251202_180454.mat,46.0,1004.7824,
Mouse847,TMaze,2025-12-02 18:45:23,3,144.629709,Mouse847/TMaze4/Session Data/Mouse847_TMaze4_20251202_185241.mat,1.0,4.1791,
Mouse847,Linear,2025-12-02 18:38:08,1,-7.323993,Mouse847/LinearTrack/Session Data/Mouse847_LinearTrack_20251202_192022.mat,21.0,700.3257,
Mouse943,Linear,2025-12-03 17:58:08,1,-29.59415,Mouse943/LinearTrack/Session Data/Mouse943_LinearTrack_20251203_180438.mat,50.0,1080.4265,
Mouse847,Linear,2025-12-03 18:32:37,1,-8.446553,Mouse847/LinearTrack/Session Data/Mouse847_LinearTrack_20251203_184029.mat,46.0,1067.4193,
Mouse943,TMaze,2025-12-04 17:09:18,1,359.528192,Mouse943/TMaze4/Session Data/Mouse943_TMaze4_20251204_171521.mat,14.0,1087.8322,
Mouse943,Linear,2025-12-04 17:34:48,1,-30.722892,Mouse943/LinearTrack/Session Data/Mouse943_LinearTrack_20251204_174106.mat,21.0,1120.7398,
Mouse847,TMaze,2025-12-04 18:11:09,1,-57.558208,Mouse847/TMaze4/Session Data/Mouse847_TMaze4_20251204_181648.mat,28.0,1010.0106,
Mouse847,Linear,2025-12-04 18:37:39,1,-243.749516,Mouse847/LinearTrack/Session Data/Mouse847_LinearTrack_20251204_183914.mat,19.0,794.0101000000001,
Mouse943,TMaze,2025-12-05 16:44:52,1,6.064564,Mouse943/TMaze4/Session Data/Mouse943_TMaze4_20251205_165144.mat,35.0,894.6135,
Mouse943,Linear,2025-12-05 17:07:54,1,-6.07479,Mouse943/LinearTrack/Session Data/Mouse943_LinearTrack_20251205_171326.mat,17.0,1800.8193,
Mouse847,TMaze,2025-12-05 17:46:00,1,159.853978,Mouse847/TMaze4/Session Data/Mouse847_TMaze4_20251205_175811.mat,34.0,1038.942,
Mouse847,Linear,2025-12-05 18:21:06,1,-6.20832,Mouse847/LinearTrack/Session Data/Mouse847_LinearTrack_20251205_182118.mat,24.0,1801.061,
Mouse943,TMaze,2025-12-06 17:27:45,1,-17.616857,Mouse943/TMaze4/Session Data/Mouse943_TMaze4_20251206_172759.mat,38.0,997.9861,
Mouse943,Linear,2025-12-06 17:21:31,1,-9.19744,Mouse943/LinearTrack/Session Data/Mouse943_LinearTrack_20251206_175034.mat,24.0,800.4883,
Mouse847,TMaze,2025-12-06 18:25:18,1,-138.421107,Mouse847/TMaze4/Session Data/Mouse847_TMaze4_20251206_182751.mat,4.0,1383.4793,
Mouse847,Linear,2025-12-06 16:10:37,1,-8.806425,Mouse847/LinearTrack/Session Data/Mouse847_LinearTrack_20251206_190220.mat,56.0,1803.2852,
Mouse943,TMaze,2025-12-07 17:56:20,1,378.440116,Mouse943/TMaze4/Session Data/Mouse943_TMaze4_20251207_180250.mat,39.0,890.2955,
Mouse943,Linear,2025-12-07 18:20:22,1,-198.597593,Mouse943/LinearTrack/Session Data/Mouse943_LinearTrack_20251207_182220.mat,15.0,1800.6513,
Mouse847,TMaze,2025-12-07 18:53:30,1,-253.962201,Mouse847/TMaze4/Session Data/Mouse847_TMaze4_20251207_185708.mat,37.0,1332.3060999999998,
Mouse847,Linear,2025-12-07 19:21:08,1,-9.969292,Mouse847/LinearTrack/Session Data/Mouse847_LinearTrack_20251207_192624.mat,21.0,968.4086,
Mouse847,Linear,2025-12-08 16:44:19,1,-9.274444,Mouse847/LinearTrack/Session Data/Mouse847_LinearTrack_20251208_165201.mat,40.0,909.3022,
Mouse847,TMaze,2025-12-08 17:15:23,1,-280.721203,Mouse847/TMaze4/Session Data/Mouse847_TMaze4_20251208_171540.mat,21.0,1398.0589,
Mouse943,Linear,2025-12-08 18:31:33,1,-18.880755,Mouse943/LinearTrack/Session Data/Mouse943_LinearTrack_20251208_183738.mat,59.0,1014.8635,
Mouse943,TMaze,2025-12-08 18:55:32,1,-163.002022,Mouse943/TMaze4/Session Data/Mouse943_TMaze4_20251208_185616.mat,10.0,1306.5552,
Mouse943,TMaze,2025-12-09 17:38:53,1,328.051303,Mouse943/TMaze4/Session Data/Mouse943_TMaze4_20251209_174425.mat,33.0,1044.5344,
Mouse943,Linear,2025-12-09 18:09:02,3,-11.74935,Mouse943/LinearTrack/Session Data/Mouse943_LinearTrack_20251209_180909.mat,10.0,524.8345,
Mouse847,Linear,2025-12-09 18:54:11,1,-283.081344,Mouse847/LinearTrack/Session Data/Mouse847_LinearTrack_20251209_185509.mat,56.0,1175.552,
Mouse847,TMaze,2025-12-09 19:18:12,1,-37.106022,Mouse847/TMaze4/Session Data/Mouse847_TMaze4_20251209_192304.mat,8.0,421.5021,
Mouse847,TMaze,2025-12-10 17:23:47,1,-42.296256,Mouse847/TMaze4/Session Data/Mouse847_TMaze4_20251210_172922.mat,52.0,1113.0871000000002,
Mouse847,Linear,2025-12-10 17:50:34,1,-174.370342,Mouse847/LinearTrack/Session Data/Mouse847_LinearTrack_20251210_175305.mat,13.0,933.3467,
Mouse943,Linear,2025-12-10 18:20:47,1,-28.077324,Mouse943/LinearTrack/Session Data/Mouse943_LinearTrack_20251210_183101.mat,53.0,705.2449,
Mouse943,TMaze,2025-12-11 17:02:23,1,-15.831846,Mouse943/TMaze4/Session Data/Mouse943_TMaze4_20251211_170932.mat,38.0,990.0568,
Mouse943,Linear,2025-12-11 17:32:58,1,-297.308096,Mouse943/LinearTrack/Session Data/Mouse943_LinearTrack_20251211_172814.mat,22.0,932.4803,
Mouse847,Linear,2025-12-11 17:57:57,1,-17.408665,Mouse847/LinearTrack/Session Data/Mouse847_LinearTrack_20251211_180324.mat,56.0,749.6049,
Mouse847,TMaze,2025-12-11 18:20:30,1,-18.254758,Mouse847/TMaze4/Session Data/Mouse847_TMaze4_20251211_182606.mat,4.0,1175.9249,
Mouse943,TMaze,2025-12-12 18:00:50,1,-26.18304,Mouse943/TMaze4/Session Data/Mouse943_TMaze4_20251212_180700.mat,37.0,1054.9938,
Mouse943,Linear,2025-12-12 18:31:16,1,-287.556108,Mouse943/LinearTrack/Session Data/Mouse943_LinearTrack_20251212_182639.mat,20.0,903.2901,
Mouse847,Linear,2025-12-12 18:56:10,1,-74.198054,Mouse847/LinearTrack/Session Data/Mouse847_LinearTrack_20251212_190157.mat,41.0,655.9078,
Mouse847,TMaze,2025-12-12 19:20:03,1,-281.139827,Mouse847/TMaze4/Session Data/Mouse847_TMaze4_20251212_192014.mat,11.0,1231.9896,
Mouse847,TMaze,2025-12-13 17:22:04,1,-66.144742,Mouse847/TMaze4/Session Data/Mouse847_TMaze4_20251213_172655.mat,36.0,1062.2023,
Mouse847,Linear,2025-12-13 17:51:43,1,-4.796723,Mouse847/LinearTrack/Session Data/Mouse847_LinearTrack_20251213_175153.mat,20.0,536.7940000000001,
Mouse943,Linear,2025-12-13 18:21:58,1,-10.720331999999999,Mouse943/LinearTrack/Session Data/Mouse943_LinearTrack_20251213_182844.mat,38.0,405.0126,
Mouse943,TMaze,2025-12-13 18:37:22,1,-32.644441,Mouse943/TMaze4/Session Data/Mouse943_TMaze4_20251213_184245.mat,12.0,1080.9824,
Mouse943,TMaze,2025-12-14 16:59:57,1,-10.690278,Mouse943/TMaze4/Session Data/Mouse943_TMaze4_20251214_170706.mat,23.0,674.5884000000001,
Mouse943,Linear,2025-12-14 17:26:11,1,-8.382566,Mouse943/LinearTrack/Session Data/Mouse943_LinearTrack_20251214_173217.mat,15.0,1800.6656,
Mouse847,TMaze,2025-12-14 19:13:57,1,-10.455846,Mouse847/TMaze4/Session Data/Mouse847_TMaze4_20251214_191952.mat,17.0,474.9205,
Mouse943,TMaze,2025-12-15 17:01:14,2,169.129844,Mouse943/TMaze4/Session Data/Mouse943_TMaze4_20251215_170409.mat,3.0,293.85880000000003,
Mouse943,Linear,2025-12-15 17:28:24,1,-311.503961,Mouse943/LinearTrack/Session Data/Mouse943_LinearTrack_20251215_172920.mat,26.0,1801.471,
Mouse847,Linear,2025-12-15 18:00:46,1,-8.138905,Mouse847/LinearTrack/Session Data/Mouse847_LinearTrack_20251215_180700.mat,33.0,509.9419,
Mouse847,TMaze,2025-12-15 18:23:54,1,-329.281612,Mouse847/TMaze4/Session Data/Mouse847_TMaze4_20251215_182318.mat,18.0,1140.8556,
Mouse847,TMaze,2025-12-16 16:22:31,1,-38.538905,Mouse847/TMaze4/Session Data/Mouse847_TMaze4_20251216_162850.mat,46.0,1286.9473,
Mouse943,Linear,2025-12-16 17:31:35,1,-6.019622,Mouse943/LinearTrack/Session Data/Mouse943_LinearTrack_20251216_173738.mat,31.0,298.1889,
Mouse943,TMaze,2025-12-16 17:50:18,1,-15.812915,Mouse943/TMaze4/Session Data/Mouse943_TMaze4_20251216_175028.mat,10.0,850.2996999999999,
Mouse847,Linear,2025-12-17 18:02:25,1,-7.076019,Mouse847/LinearTrack/Session Data/Mouse847_LinearTrack_20251217_181026.mat,39.0,385.1113,
Mouse847,TMaze,2025-12-17 18:24:02,1,-404.490163,Mouse847/TMaze4/Session Data/Mouse847_TMaze4_20251217_182211.mat,15.0,951.3671,
Mouse943,Linear,2025-12-18 09:40:24,1,-8.887654,Mouse943/LinearTrack/Session Data/Mouse943_LinearTrack_20251218_094911.mat,35.0,383.9752,
Mouse943,TMaze,2025-12-18 10:03:32,1,-37.475097,Mouse943/TMaze4/Session Data/Mouse943_TMaze4_20251218_100325.mat,5.0,482.3424,
Mouse847,TMaze,2025-12-18 10:29:48,1,-265.396659,Mouse847/TMaze4/Session Data/Mouse847_TMaze4_20251218_103020.mat,23.0,1032.3743,
Mouse847,Linear,2025-12-18 10:49:46,1,-4.196032,Mouse847/LinearTrack/Session Data/Mouse847_LinearTrack_20251218_105001.mat,24.0,502.0989,
Mouse946,Linear,2026-01-21 16:01:20,1,-176.322816,Mouse946/LinearTrack/Session Data/Mouse946_LinearTrack_20260121_160643.mat,15.0,1800.7764,
Mouse945,Linear,2026-01-21 17:26:52,1,-88.484966,Mouse945/LinearTrack/Session Data/Mouse945_LinearTrack_20260121_173329.mat,12.0,1800.5793,
Mouse945,Linear,2026-01-22 16:13:55,2,-319.176832,Mouse945/LinearTrack/Session Data/Mouse945_LinearTrack_20260122_161507.mat,19.0,1800.9662999999998,
Mouse946,Linear,2026-01-22 17:02:59,1,-402.06382,Mouse946/LinearTrack/Session Data/Mouse946_LinearTrack_20260122_171028.mat,44.0,1802.3943,
Mouse946,Linear,2026-01-23 15:38:26,1,-15.947648,Mouse946/LinearTrack/Session Data/Mouse946_LinearTrack_20260123_154515.mat,34.0,966.6802,
Mouse945,Linear,2026-01-23 16:11:57,1,-50.111193,Mouse945/LinearTrack/Session Data/Mouse945_LinearTrack_20260123_161949.mat,37.0,1801.9543,
Mouse945,Linear,2026-01-24 16:07:58,1,-344.355801,Mouse945/LinearTrack/Session Data/Mouse945_LinearTrack_20260124_160904.mat,46.0,1501.8781,
Mouse946,Linear,2026-01-24 16:43:49,1,-283.854758,Mouse946/LinearTrack/Session Data/Mouse946_LinearTrack_20260124_164527.mat,40.0,1113.9124,
Mouse946,Linear,2026-01-25 16:08:08,1,-92.086272,Mouse946/LinearTrack/Session Data/Mouse946_LinearTrack_20260125_161230.mat,43.0,1059.9467,
Mouse945,Linear,2026-01-25 16:38:57,1,-107.366195,Mouse945/LinearTrack/Session Data/Mouse945_LinearTrack_20260125_164428.mat,44.0,1106.9662,
Mouse946,Linear,2026-01-26 16:27:46,1,-10.172889,Mouse946/LinearTrack/Session Data/Mouse946_LinearTrack_20260126_163457.mat,47.0,1005.791,
Mouse945,Linear,2026-01-26 17:01:36,1,-19.967411,Mouse945/LinearTrack/Session Data/Mouse945_LinearTrack_20260126_170718.mat,50.0,917.8856,
Mouse946,Linear,2026-01-27 16:08:54,1,-385.613235,Mouse946/LinearTrack/Session Data/Mouse946_LinearTrack_20260127_161117.mat,43.0,1232.7637,
Mouse945,Linear,2026-01-27 16:42:53,1,-305.744768,Mouse945/LinearTrack/Session Data/Mouse945_LinearTrack_20260127_164412.mat,47.0,1379.7625,
Mouse945,Linear,2026-01-28 16:39:36,1,-28.474227,Mouse945/LinearTrack/Session Data/Mouse945_LinearTrack_20260128_164848.mat,56.0,988.2154,
Mouse946,Linear,2026-01-28 17:15:46,1,-40.170188,Mouse946/LinearTrack/Session Data/Mouse946_LinearTrack_20260128_172137.mat,51.0,1018.6658,
Mouse946,Linear,2026-01-29 15:55:09,1,-11.696588,Mouse946/LinearTrack/Session Data/Mouse946_LinearTrack_20260129_160111.mat,42.0,859.9404,
Mouse945,Linear,2026-01-29 16:27:50,1,-9.25454,Mouse945/LinearTrack/Session Data/Mouse945_LinearTrack_20260129_163403.mat,52.0,879.5792,
Mouse946,Linear,2026-01-30 16:42:21,1,-282.532646,Mouse946/LinearTrack/Session Data/Mouse946_LinearTrack_20260130_164430.mat,51.0,1128.6584,
Mouse945,Linear,2026-01-30 17:14:09,1,-13.259136,Mouse945/LinearTrack/Session Data/Mouse945_LinearTrack_20260130_172007.mat,57.0,1803.3685,
Mouse945,Linear,2026-01-31 14:48:26,1,4.453005,Mouse945/LinearTrack/Session Data/Mouse945_LinearTrack_20260131_145426.mat,40.0,862.6364,
Mouse946,Linear,2026-01-31 15:19:37,1,-28.031347,Mouse946/LinearTrack/Session Data/Mouse946_LinearTrack_20260131_152657.mat,56.0,834.0585,
Mouse945,Linear,2026-02-01 16:25:53,1,-523.882803,Mouse945/LinearTrack/Session Data/Mouse945_LinearTrack_20260201_162258.mat,65.0,1803.9174,
Mouse946,Linear,2026-02-01 16:57:06,1,-7.928908,Mouse946/LinearTrack/Session Data/Mouse946_LinearTrack_20260201_170526.mat,56.0,928.7109,
Mouse945,Linear,2026-02-02 16:03:36,1,-8.785856,Mouse945/LinearTrack/Session Data/Mouse945_LinearTrack_20260202_161101.mat,47.0,667.1400000000001,
Mouse946,Linear,2026-02-02 16:35:57,1,-11.523942,Mouse946/LinearTrack/Session Data/Mouse946_LinearTrack_20260202_164227.mat,60.0,952.3544,
Mouse946,Linear,2026-02-03 16:05:44,1,-36.239232,Mouse946/LinearTrack/Session Data/Mouse946_LinearTrack_20260203_161124.mat,54.0,1160.9157,
Mouse945,Linear,2026-02-03 16:44:19,1,-21.872678,Mouse945/LinearTrack/Session Data/Mouse945_LinearTrack_20260203_165013.mat,72.0,1037.01,
Mouse946,Linear,2026-02-04 15:40:49,1,-41.378419,Mouse946/LinearTrack/Session Data/Mouse946_LinearTrack_20260204_154608.mat,56.0,645.982,
Mouse945,Linear,2026-02-04 16:20:45,1,-19.859609,Mouse945/LinearTrack/Session Data/Mouse945_LinearTrack_20260204_162607.mat,64.0,916.7145,
Mouse945,Linear,2026-02-05 16:24:37,1,-11.069145,Mouse945/LinearTrack/Session Data/Mouse945_LinearTrack_20260205_163042.mat,70.0,858.3118,
Mouse946,Linear,2026-02-05 16:54:25,1,-337.306726,Mouse946/LinearTrack/Session Data/Mouse946_LinearTrack_20260205_165552.mat,61.0,1803.342,
Mouse946,Linear,2026-02-06 16:02:16,1,-6.286028,Mouse946/LinearTrack/Session Data/Mouse946_LinearTrack_20260206_160829.mat,64.0,886.8426,
Mouse945,Linear,2026-02-06 16:33:46,1,-13.538112,Mouse945/LinearTrack/Session Data/Mouse945_LinearTrack_20260206_164007.mat,62.0,880.2994,
Mouse945,Linear,2026-02-07 17:05:17,1,-35.0459,Mouse945/LinearTrack/Session Data/Mouse945_LinearTrack_20260207_171342.mat,64.0,1088.2829,
Mouse946,Linear,2026-02-07 17:48:04,1,3.696935,Mouse946/LinearTrack/Session Data/Mouse946_LinearTrack_20260207_175404.mat,56.0,986.8517,
Mouse946,Linear,2026-02-08 15:10:35,1,-226.916044,Mouse946/LinearTrack/Session Data/Mouse946_LinearTrack_20260208_151324.mat,51.0,1182.7937,
Mouse945,Linear,2026-02-08 15:42:05,1,-13.324966,Mouse945/LinearTrack/Session Data/Mouse945_LinearTrack_20260208_154751.mat,54.0,581.9219,
Mouse946,Linear,2026-02-09 16:34:29,1,-311.194086,Mouse946/LinearTrack/Session Data/Mouse946_LinearTrack_20260209_163511.mat,67.0,1199.351,
Mouse945,Linear,2026-02-09 17:05:16,1,-9.747532,Mouse945/LinearTrack/Session Data/Mouse945_LinearTrack_20260209_171114.mat,70.0,900.8762,
Mouse946,TMaze,2026-02-10 15:59:47,1,51.824474,Mouse946/TMaze4/Session Data/Mouse946_TMaze4_20260210_160904.mat,13.0,1194.23,
Mouse946,Linear,2026-02-10 16:37:18,1,-2.690176,Mouse946/LinearTrack/Session Data/Mouse946_LinearTrack_20260210_163733.mat,40.0,946.4847,
Mouse945,TMaze,2026-02-10 17:04:23,1,366.199424,Mouse945/TMaze4/Session Data/Mouse945_TMaze4_20260210_171038.mat,11.0,1156.8218,
Mouse945,Linear,2026-02-10 17:37:18,1,-60.478528,Mouse945/LinearTrack/Session Data/Mouse945_LinearTrack_20260210_173620.mat,48.0,877.2792000000001,
Mouse946,TMaze,2026-02-11 15:36:24,1,-267.144294,Mouse946/TMaze4/Session Data/Mouse946_TMaze4_20260211_154147.mat,25.0,1327.3333,
Mouse946,Linear,2026-02-11 16:05:45,1,-11.518809,Mouse946/LinearTrack/Session Data/Mouse946_LinearTrack_20260211_161104.mat,29.0,857.0131,
Mouse945,TMaze,2026-02-11 16:40:50,1,-20.032371,Mouse945/TMaze4/Session Data/Mouse945_TMaze4_20260211_164625.mat,29.0,1148.2267,
Mouse945,Linear,2026-02-11 17:12:38,1,-49.399705,Mouse945/LinearTrack/Session Data/Mouse945_LinearTrack_20260211_171211.mat,25.0,529.6261,
Mouse945,TMaze,2026-02-12 16:25:51,1,282.926413,Mouse945/TMaze4/Session Data/Mouse945_TMaze4_20260212_163116.mat,37.0,1028.9354,
Mouse945,Linear,2026-02-12 16:55:14,1,-9.199718,Mouse945/LinearTrack/Session Data/Mouse945_LinearTrack_20260212_165523.mat,12.0,617.6639,
Mouse946,TMaze,2026-02-12 17:23:14,1,-565.46615,Mouse946/TMaze4/Session Data/Mouse946_TMaze4_20260212_172447.mat,45.0,1560.1499,
Mouse946,Linear,2026-02-12 18:02:03,1,-378.518502,Mouse946/LinearTrack/Session Data/Mouse946_LinearTrack_20260212_175555.mat,23.0,1203.8857,
Mouse946,TMaze,2026-02-13 16:13:34,1,-298.796403,Mouse946/TMaze4/Session Data/Mouse946_TMaze4_20260213_161459.mat,37.0,1216.9492,
Mouse946,Linear,2026-02-13 16:37:24,1,-292.510489,Mouse946/LinearTrack/Session Data/Mouse946_LinearTrack_20260213_163909.mat,26.0,1161.5785999999998,
Mouse945,TMaze,2026-02-13 17:12:23,1,-303.562227,Mouse945/TMaze4/Session Data/Mouse945_TMaze4_20260213_171332.mat,44.0,1260.1027,
Mouse945,Linear,2026-02-13 17:36:20,1,-299.931059,Mouse945/LinearTrack/Session Data/Mouse945_LinearTrack_20260213_173724.mat,22.0,872.6644,
Mouse945,TMaze,2026-02-14 17:17:22,1,-195.77367,Mouse945/TMaze4/Session Data/Mouse945_TMaze4_20260214_172044.mat,41.0,1218.8869,
Mouse945,Linear,2026-02-14 17:48:19,1,8.884084,Mouse945/LinearTrack/Session Data/Mouse945_LinearTrack_20260214_174837.mat,26.0,926.3687,
Mouse946,TMaze,2026-02-14 18:21:21,2,12.446772,Mouse946/TMaze4/Session Data/Mouse946_TMaze4_20260214_182744.mat,6.0,171.71009999999998,
Mouse946,Linear,2026-02-14 18:55:39,1,-7.780595,Mouse946/LinearTrack/Session Data/Mouse946_LinearTrack_20260214_190153.mat,28.0,1806.0002,
Mouse945,TMaze,2026-02-15 17:58:08,1,-34.601024,Mouse945/TMaze4/Session Data/Mouse945_TMaze4_20260215_180357.mat,51.0,968.6251,
Mouse945,Linear,2026-02-15 18:27:09,1,-13.786816,Mouse945/LinearTrack/Session Data/Mouse945_LinearTrack_20260215_182718.mat,22.0,834.5687,
Mouse946,TMaze,2026-02-15 17:16:12,2,-101.25742,Mouse946/TMaze4/Session Data/Mouse946_TMaze4_20260215_185737.mat,48.0,978.2245,
Mouse946,Linear,2026-02-15 19:22:41,1,-6.897728,Mouse946/LinearTrack/Session Data/Mouse946_LinearTrack_20260215_192251.mat,10.0,930.6237,
Mouse945,Linear,2026-02-16 15:04:39,1,-7.070438,Mouse945/LinearTrack/Session Data/Mouse945_LinearTrack_20260216_151031.mat,40.0,563.4926,
Mouse945,TMaze,2026-02-16 15:28:21,1,-59.224089,Mouse945/TMaze4/Session Data/Mouse945_TMaze4_20260216_152724.mat,17.0,1038.5356,
Mouse946,Linear,2026-02-16 15:59:24,1,-5.466752,Mouse946/LinearTrack/Session Data/Mouse946_LinearTrack_20260216_160947.mat,42.0,380.949,
Mouse946,TMaze,2026-02-16 16:25:16,1,-19.895283,Mouse946/TMaze4/Session Data/Mouse946_TMaze4_20260216_162527.mat,12.0,1007.6982,
Mouse945,TMaze,2026-02-17 16:08:55,1,-61.019737,Mouse945/TMaze4/Session Data/Mouse945_TMaze4_20260217_161438.mat,46.0,994.1847,
Mouse945,Linear,2026-02-17 16:41:37,1,-26.485043,Mouse945/LinearTrack/Session Data/Mouse945_LinearTrack_20260217_164129.mat,6.0,865.2094,
Mouse946,TMaze,2026-02-17 17:10:03,1,-143.583398,Mouse946/TMaze4/Session Data/Mouse946_TMaze4_20260217_171327.mat,44.0,1139.9419,
Mouse946,Linear,2026-02-17 17:40:42,1,-32.549196,Mouse946/LinearTrack/Session Data/Mouse946_LinearTrack_20260217_174021.mat,20.0,864.2823999999999,
Mouse945,Linear,2026-02-18 15:33:38,1,-6.97998,Mouse945/LinearTrack/Session Data/Mouse945_LinearTrack_20260218_153952.mat,40.0,897.3737000000001,
Mouse945,TMaze,2026-02-18 16:02:18,2,-24.40823,Mouse945/TMaze4/Session Data/Mouse945_TMaze4_20260218_160216.mat,8.0,820.0583,
Mouse946,TMaze,2026-02-18 16:43:03,1,-33.450444,Mouse946/TMaze4/Session Data/Mouse946_TMaze4_20260218_164928.mat,42.0,1021.4854,
Mouse946,Linear,2026-02-18 17:14:56,1,-47.119718,Mouse946/LinearTrack/Session Data/Mouse946_LinearTrack_20260218_171422.mat,2.0,796.647,
Mouse946,Linear,2026-02-19 16:26:01,1,-9.078169,Mouse946/LinearTrack/Session Data/Mouse946_LinearTrack_20260219_163420.mat,41.0,365.6209,
Mouse946,TMaze,2026-02-19 16:47:52,1,-139.168819,Mouse946/TMaze4/Session Data/Mouse946_TMaze4_20260219_164559.mat,24.0,1042.9331,
Mouse945,TMaze,2026-02-19 17:16:05,1,-28.835046,Mouse945/TMaze4/Session Data/Mouse945_TMaze4_20260219_172130.mat,53.0,1117.4618,
Mouse945,Linear,2026-02-19 17:43:59,1,-8.78414,Mouse945/LinearTrack/Session Data/Mouse945_LinearTrack_20260219_175016.mat,14.0,424.1888,
Mouse945,Linear,2026-02-20 16:15:18,1,-9.401843,Mouse945/LinearTrack/Session Data/Mouse945_LinearTrack_20260220_162106.mat,38.0,303.2559,
Mouse945,TMaze,2026-02-20 16:32:05,1,-60.685964,Mouse945/TMaze4/Session Data/Mouse945_TMaze4_20260220_163131.mat,21.0,829.3421000000001,
Mouse946,TMaze,2026-02-20 16:58:26,1,-23.782144,Mouse946/TMaze4/Session Data/Mouse946_TMaze4_20260220_170415.mat,46.0,703.0399000000001,
Mouse946,Linear,2026-02-20 17:22:23,1,-204.21678,Mouse946/LinearTrack/Session Data/Mouse946_LinearTrack_20260220_172431.mat,15.0,1800.5792,
Mouse946,Linear,2026-02-21 15:46:18,1,-14.272832,Mouse946/LinearTrack/Session Data/Mouse946_LinearTrack_20260221_155304.mat,40.0,441.5532,
Mouse946,TMaze,2026-02-21 16:08:19,1,27.819648,Mouse946/TMaze4/Session Data/Mouse946_TMaze4_20260221_160907.mat,22.0,1030.5565,
Mouse945,TMaze,2026-02-21 16:36:21,1,-10.375539,Mouse945/TMaze4/Session Data/Mouse945_TMaze4_20260221_164204.mat,49.0,1186.8906000000002,
Mouse945,Linear,2026-02-21 17:08:15,1,-13.372723,Mouse945/LinearTrack/Session Data/Mouse945_LinearTrack_20260221_171727.mat,11.0,1800.4356,
Mouse946,Linear,2026-02-23 16:50:12,2,-32.140454,Mouse946/LinearTrack/Session Data/Mouse946_LinearTrack_20260223_165807.mat,40.0,422.3504,
Mouse946,TMaze,2026-02-23 17:13:43,1,-12.274252,Mouse946/TMaze4/Session Data/Mouse946_TMaze4_20260223_171350.mat,17.0,774.8305,
Mouse945,TMaze,2026-02-23 17:41:31,1,-35.276518,Mouse945/TMaze4/Session Data/Mouse945_TMaze4_20260223_174643.mat,52.0,892.4858,
Mouse945,Linear,2026-02-23 18:11:23,1,-6.969561,Mouse945/LinearTrack/Session Data/Mouse945_LinearTrack_20260223_181129.mat,24.0,877.8457,
Mouse945,Linear,2026-02-24 17:18:42,1,-265.37495,Mouse945/LinearTrack/Session Data/Mouse945_LinearTrack_20260224_171958.mat,40.0,721.3604,
Mouse945,TMaze,2026-02-24 17:39:39,1,-14.980966,Mouse945/TMaze4/Session Data/Mouse945_TMaze4_20260224_173949.mat,22.0,997.0509,
Mouse946,TMaze,2026-02-24 18:08:50,1,-19.864064,Mouse946/TMaze4/Session Data/Mouse946_TMaze4_20260224_181336.mat,52.0,981.0081,
Mouse946,Linear,2026-02-24 18:38:32,1,-3.0832509999999997,Mouse946/LinearTrack/Session Data/Mouse946_LinearTrack_20260224_183850.mat,18.0,601.5035,
Mouse946,Linear,2026-02-25 15:28:49,1,-15.864089,Mouse946/LinearTrack/Session Data/Mouse946_LinearTrack_20260225_153419.mat,40.0,426.376,
Mouse946,TMaze,2026-02-25 15:49:17,1,-18.885209,Mouse946/TMaze4/Session Data/Mouse946_TMaze4_20260225_154909.mat,16.0,842.1626,
Mouse945,TMaze,2026-02-25 16:16:02,1,-21.161561,Mouse945/TMaze4/Session Data/Mouse945_TMaze4_20260225_162200.mat,51.0,940.9856,
Mouse945,Linear,2026-02-25 16:48:50,1,-171.202265,Mouse945/LinearTrack/Session Data/Mouse945_LinearTrack_20260225_164614.mat,14.0,643.584,
Mouse945,Linear,2026-02-26 16:29:43,1,-203.580236,Mouse945/LinearTrack/Session Data/Mouse945_LinearTrack_20260226_163159.mat,40.0,620.8451,
Mouse945,TMaze,2026-02-26 16:49:28,1,26.122944,Mouse945/TMaze4/Session Data/Mouse945_TMaze4_20260226_165010.mat,26.0,893.4599000000001,
Mouse946,TMaze,2026-02-26 17:15:21,1,18.38208,Mouse946/TMaze4/Session Data/Mouse946_TMaze4_20260226_172200.mat,52.0,917.6441,
Mouse946,Linear,2026-02-26 17:46:52,1,-22.529254,Mouse946/LinearTrack/Session Data/Mouse946_LinearTrack_20260226_174639.mat,17.0,785.5289,
Mouse946,Linear,2026-02-27 16:58:30,1,-468.292979,Mouse946/LinearTrack/Session Data/Mouse946_LinearTrack_20260227_165732.mat,42.0,886.5275,
Mouse946,TMaze,2026-02-27 17:20:16,1,-86.760588,Mouse946/TMaze4/Session Data/Mouse946_TMaze4_20260227_171917.mat,22.0,1139.2119,
Mouse945,TMaze,2026-02-27 17:51:54,1,-63.894016,Mouse945/TMaze4/Session Data/Mouse945_TMaze4_20260227_175804.mat,61.0,1035.9364,
Mouse945,Linear,2026-02-27 18:24:33,1,-114.647347,Mouse945/LinearTrack/Session Data/Mouse945_LinearTrack_20260227_182250.mat,16.0,935.9448,
Mouse945,Linear,2026-02-28 17:25:39,1,-5.074342,Mouse945/LinearTrack/Session Data/Mouse945_LinearTrack_20260228_173152.mat,42.0,404.8488,
Mouse945,TMaze,2026-02-28 17:46:14,1,-137.541836,Mouse945/TMaze4/Session Data/Mouse945_TMaze4_20260228_174409.mat,27.0,1020.2183,
Mouse946,TMaze,2026-02-28 18:13:07,1,-391.547225,Mouse946/TMaze4/Session Data/Mouse946_TMaze4_20260228_181301.mat,54.0,1232.7744,
Mouse946,Linear,2026-02-28 18:44:21,1,-57.091507,Mouse946/LinearTrack/Session Data/Mouse946_LinearTrack_20260228_184338.mat,33.0,978.2517,
Mouse946,Linear,2026-03-01 17:24:23,1,-328.879168,Mouse946/LinearTrack/Session Data/Mouse946_LinearTrack_20260301_172509.mat,40.0,843.3272,
Mouse946,TMaze,2026-03-01 17:46:57,1,-30.655424,Mouse946/TMaze4/Session Data/Mouse946_TMaze4_20260301_174651.mat,8.0,274.1599,
Mouse945,TMaze,2026-03-01 18:12:10,1,-22.515852,Mouse945/TMaze4/Session Data/Mouse945_TMaze4_20260301_181753.mat,53.0,945.1304,
Mouse945,Linear,2026-03-01 18:41:54,1,-10.74551,Mouse945/LinearTrack/Session Data/Mouse945_LinearTrack_20260301_184151.mat,16.0,214.6726,
Mouse944,Linear,2026-06-26 15:27:25,2,-390.462656,Mouse944/LinearTrack/Session Data/Mouse944_LinearTrack_20260626_153100.mat,11.0,1800.4251,
Mouse944,Linear,2026-06-27 15:13:22,1,-179.197606,Mouse944/LinearTrack/Session Data/Mouse944_LinearTrack_20260627_151928.mat,16.0,1801.0455000000002,
Mouse944,Linear,2026-06-28 14:49:05,1,-30.969228,Mouse944/LinearTrack/Session Data/Mouse944_LinearTrack_20260628_145501.mat,23.0,1801.0569999999998,
Mouse944,Linear,2026-06-29 14:47:05,1,-210.237913,Mouse944/LinearTrack/Session Data/Mouse944_LinearTrack_20260629_145046.mat,35.0,1293.2262,
Mouse945,Linear,2026-06-29 15:22:31,1,-267.36087,Mouse945/LinearTrack/Session Data/Mouse945_LinearTrack_20260629_152435.mat,34.0,1310.5543,
Mouse944,Linear,2026-06-30 15:05:21,1,-365.319974,Mouse944/LinearTrack/Session Data/Mouse944_LinearTrack_20260630_150600.mat,36.0,1312.932,
Mouse945,Linear,2026-06-30 15:56:50,1,-276.609702,Mouse945/LinearTrack/Session Data/Mouse945_LinearTrack_20260630_155736.mat,42.0,1219.6083999999998,
Mouse944,Linear,2026-07-01 14:42:03,1,-1369.240038,Mouse944/LinearTrack/Session Data/Mouse944_LinearTrack_20260701_142515.mat,39.0,1221.9553,
Mouse945,Linear,2026-07-01 15:50:11,1,-282.094067,Mouse945/LinearTrack/Session Data/Mouse945_LinearTrack_20260701_155121.mat,48.0,1803.0698,
Mouse944,Linear,2026-07-02 14:50:40,1,-355.764006,Mouse944/LinearTrack/Session Data/Mouse944_LinearTrack_20260702_145113.mat,53.0,1505.2402000000002,
Mouse945,Linear,2026-07-02 15:29:29,1,-297.640243,Mouse945/LinearTrack/Session Data/Mouse945_LinearTrack_20260702_153002.mat,44.0,1250.762,
Mouse944,Linear,2026-07-03 13:55:52,1,-184.373107,Mouse944/LinearTrack/Session Data/Mouse944_LinearTrack_20260703_135813.mat,50.0,1135.2597,
Mouse944,Linear,2026-07-04 15:05:50,1,-314.28439,Mouse944/LinearTrack/Session Data/Mouse944_LinearTrack_20260704_150619.mat,45.0,1802.3225,
Mouse945,Linear,2026-07-04 15:43:09,1,-300.439961,Mouse945/LinearTrack/Session Data/Mouse945_LinearTrack_20260704_154355.mat,46.0,1211.8096,
Mouse944,Linear,2026-07-05 14:14:26,1,-214.331788,Mouse944/LinearTrack/Session Data/Mouse944_LinearTrack_20260705_141628.mat,53.0,1152.8429,
Mouse944,Linear,2026-07-06 14:54:46,1,-293.387571,Mouse944/LinearTrack/Session Data/Mouse944_LinearTrack_20260706_145614.mat,65.0,1212.5925,
Mouse945,Linear,2026-07-06 15:47:06,1,-57.993804,Mouse945/LinearTrack/Session Data/Mouse945_LinearTrack_20260706_155150.mat,48.0,983.7429,
Mouse944,Linear,2026-07-07 14:49:35,1,-270.27406,Mouse944/LinearTrack/Session Data/Mouse944_LinearTrack_20260707_145041.mat,63.0,1221.1138,
Mouse945,Linear,2026-07-07 15:46:02,1,-18.83607,Mouse945/LinearTrack/Session Data/Mouse945_LinearTrack_20260707_154849.mat,50.0,961.0454,
Mouse944,Linear,2026-07-08 13:41:41,1,-278.095321,Mouse944/LinearTrack/Session Data/Mouse944_LinearTrack_20260708_134247.mat,63.0,1221.3263,
Mouse945,Linear,2026-07-08 15:09:08,1,-52.185856,Mouse945/LinearTrack/Session Data/Mouse945_LinearTrack_20260708_150951.mat,58.0,1059.3361,
Mouse945,Linear,2026-07-09 13:16:10,1,-35.593932,Mouse945/LinearTrack/Session Data/Mouse945_LinearTrack_20260709_132151.mat,45.0,1020.7797,
Mouse944,Linear,2026-07-09 13:49:35,2,-48.204057,Mouse944/LinearTrack/Session Data/Mouse944_LinearTrack_20260709_135841.mat,53.0,934.5113,
Mouse944,Linear,2026-07-11 14:36:44,1,-174.263667,Mouse944/LinearTrack/Session Data/Mouse944_LinearTrack_20260711_143358.mat,69.0,1144.8786,
Mouse945,Linear,2026-07-11 15:04:04,1,-12.051648,Mouse945/LinearTrack/Session Data/Mouse945_LinearTrack_20260711_150939.mat,60.0,840.6364,
Mouse944,Linear,2026-07-12 14:11:18,1,-283.038604,Mouse944/LinearTrack/Session Data/Mouse944_LinearTrack_20260712_141220.mat,53.0,1072.0534,
Mouse945,Linear,2026-07-12 14:39:41,1,-99.912268,Mouse945/LinearTrack/Session Data/Mouse945_LinearTrack_20260712_144242.mat,51.0,1062.9565,
Mouse945,Linear,2026-07-13 15:24:34,1,-48.804403,Mouse945/LinearTrack/Session Data/Mouse945_LinearTrack_20260713_152913.mat,58.0,908.7895,
Mouse944,Linear,2026-07-13 15:55:27,1,-33.477388,Mouse944/LinearTrack/Session Data/Mouse944_LinearTrack_20260713_160106.mat,78.0,802.5065999999999,
Mouse944,Linear,2026-07-14 14:28:46,1,-34.831987,Mouse944/LinearTrack/Session Data/Mouse944_LinearTrack_20260714_143352.mat,61.0,846.1218,
Mouse945,Linear,2026-07-15 14:44:57,1,-91.135014,Mouse945/LinearTrack/Session Data/Mouse945_LinearTrack_20260715_144846.mat,53.0,1067.7221,
Mouse944,Linear,2026-07-15 15:30:22,1,-115.386726,Mouse944/LinearTrack/Session Data/Mouse944_LinearTrack_20260715_153315.mat,73.0,1034.9309,
Mouse945,TMaze,2026-07-16 14:32:41,1,204.295271,Mouse945/TMaze4/Session Data/Mouse945_TMaze4_20260716_143609.mat,35.0,1358.0723,
Mouse945,Linear,2026-07-16 15:04:55,1,-26.442982,Mouse945/LinearTrack/Session Data/Mouse945_LinearTrack_20260716_150430.mat,21.0,744.6199,
Mouse944,TMaze,2026-07-16 16:07:50,1,293.298036,Mouse944/TMaze4/Session Data/Mouse944_TMaze4_20260716_161245.mat,18.0,1012.6118,
Mouse944,Linear,2026-07-16 16:44:08,1,7.619584,Mouse944/LinearTrack/Session Data/Mouse944_LinearTrack_20260716_164453.mat,49.0,838.7426999999999,
Mouse945,TMaze,2026-07-17 14:25:12,1,-99.521625,Mouse945/TMaze4/Session Data/Mouse945_TMaze4_20260717_142911.mat,41.0,910.5012,
Mouse945,Linear,2026-07-17 14:55:31,1,-15.62935,Mouse945/LinearTrack/Session Data/Mouse945_LinearTrack_20260717_145557.mat,19.0,935.0636,
Mouse944,TMaze,2026-07-17 15:28:26,1,-42.329062,Mouse944/TMaze4/Session Data/Mouse944_TMaze4_20260717_153314.mat,32.0,1040.0134,
Mouse944,Linear,2026-07-17 15:59:29,1,-1.3803640000000001,Mouse944/LinearTrack/Session Data/Mouse944_LinearTrack_20260717_155943.mat,29.0,884.4258,
Mouse945,TMaze,2026-07-18 14:21:01,1,408.955482,Mouse945/TMaze4/Session Data/Mouse945_TMaze4_20260718_142752.mat,25.0,1272.4813,
Mouse945,Linear,2026-07-18 15:00:39,1,-11.429952,Mouse945/LinearTrack/Session Data/Mouse945_LinearTrack_20260718_150051.mat,29.0,922.2566,
Mouse944,TMaze,2026-07-18 15:26:34,2,50.600474,Mouse944/TMaze4/Session Data/Mouse944_TMaze4_20260718_152728.mat,1.0,201.1925,
Mouse944,Linear,2026-07-18 16:04:01,1,-22.324032,Mouse944/LinearTrack/Session Data/Mouse944_LinearTrack_20260718_160509.mat,35.0,1006.8472,
Mouse944,Linear,2026-07-19 15:29:10,1,-49.82702,Mouse944/LinearTrack/Session Data/Mouse944_LinearTrack_20260719_153509.mat,41.0,353.8916,
Mouse944,TMaze,2026-07-19 15:47:49,1,-18.190272,Mouse944/TMaze4/Session Data/Mouse944_TMaze4_20260719_154756.mat,7.0,363.6445,
Mouse945,TMaze,2026-07-19 16:15:06,1,244.207616,Mouse945/TMaze4/Session Data/Mouse945_TMaze4_20260719_161912.mat,21.0,1025.48,
Mouse945,Linear,2026-07-19 16:44:41,1,-14.682752,Mouse945/LinearTrack/Session Data/Mouse945_LinearTrack_20260719_164447.mat,39.0,976.6277,
Mouse945,Linear,2026-07-20 14:19:37,1,-279.46222,Mouse945/LinearTrack/Session Data/Mouse945_LinearTrack_20260720_142119.mat,49.0,603.4508999999999,
Mouse945,TMaze,2026-07-20 14:38:37,1,-20.911692,Mouse945/TMaze4/Session Data/Mouse945_TMaze4_20260720_143828.mat,16.0,999.9965,
Mouse944,TMaze,2026-07-20 15:04:44,1,511.748711,Mouse944/TMaze4/Session Data/Mouse944_TMaze4_20260720_151326.mat,14.0,1035.7107,
Mouse944,Linear,2026-07-20 15:38:35,1,-27.272614,Mouse944/LinearTrack/Session Data/Mouse944_LinearTrack_20260720_153823.mat,55.0,902.488,
Mouse944,Linear,2026-07-21 14:32:10,1,-1089.489625,Mouse944/LinearTrack/Session Data/Mouse944_LinearTrack_20260721_141951.mat,38.0,620.9082999999999,
Mouse944,TMaze,2026-07-21 14:45:20,1,41.100276,Mouse944/TMaze4/Session Data/Mouse944_TMaze4_20260721_145640.mat,13.0,954.9132,
Mouse945,TMaze,2026-07-21 15:24:12,1,50.243072,Mouse945/TMaze4/Session Data/Mouse945_TMaze4_20260721_152504.mat,40.0,1277.5696,
Mouse945,Linear,2026-07-21 15:55:11,1,-14.583654,Mouse945/LinearTrack/Session Data/Mouse945_LinearTrack_20260721_155522.mat,17.0,967.2204,
Mouse945,Linear,2026-07-22 14:19:50,1,-278.949824,Mouse945/LinearTrack/Session Data/Mouse945_LinearTrack_20260722_142128.mat,41.0,633.0308,
Mouse945,TMaze,2026-07-22 14:38:48,1,-26.049868,Mouse945/TMaze4/Session Data/Mouse945_TMaze4_20260722_143856.mat,7.0,622.0367,
Mouse944,TMaze,2026-07-22 15:08:41,1,139.0096,Mouse944/TMaze4/Session Data/Mouse944_TMaze4_20260722_151106.mat,23.0,1163.5623,
Mouse944,Linear,2026-07-22 15:40:56,1,-164.926156,Mouse944/LinearTrack/Session Data/Mouse944_LinearTrack_20260722_153907.mat,40.0,1027.4025,
Mouse945,Linear,2026-07-23 14:39:08,1,-71.857152,Mouse945/LinearTrack/Session Data/Mouse945_LinearTrack_20260723_144332.mat,41.0,330.4671,
Mouse945,TMaze,2026-07-23 14:58:12,1,-531.507712,Mouse945/TMaze4/Session Data/Mouse945_TMaze4_20260723_145002.mat,17.0,1742.006,
Mouse944,TMaze,2026-07-23 15:32:40,1,329.820442,Mouse944/TMaze4/Session Data/Mouse944_TMaze4_20260723_153813.mat,34.0,988.7688,
Mouse944,Linear,2026-07-23 16:03:22,1,-78.491801,Mouse944/LinearTrack/Session Data/Mouse944_LinearTrack_20260723_160315.mat,36.0,1018.9942,
Mouse944,Linear,2026-07-24 14:54:48,1,-36.679667,Mouse944/LinearTrack/Session Data/Mouse944_LinearTrack_20260724_145932.mat,43.0,315.7349,
Mouse944,TMaze,2026-07-24 15:12:44,1,-14.435814,Mouse944/TMaze4/Session Data/Mouse944_TMaze4_20260724_151255.mat,15.0,994.7771,
Mouse945,TMaze,2026-07-24 15:40:50,1,327.47264,Mouse945/TMaze4/Session Data/Mouse945_TMaze4_20260724_154627.mat,42.0,1128.5671,
Mouse945,TMaze,2026-07-26 15:41:27,0,,,,,NO_BPOD_AT_ALL
Mouse945,TMaze,2026-07-27 15:21:19,0,,,,,NO_BPOD_AT_ALL
Mouse945,Linear,2026-07-27 16:00:05,0,,,,,NO_BPOD_AT_ALL
Mouse944,Linear,2026-07-27 16:31:15,0,,,,,NO_BPOD_AT_ALL
Mouse944,TMaze,2026-07-27 16:49:49,0,,,,,NO_BPOD_AT_ALL
Mouse944,TMaze,2026-07-28 14:19:40,0,,,,,NO_BPOD_AT_ALL
Mouse944,Linear,2026-07-28 15:03:12,0,,,,,NO_BPOD_AT_ALL
Mouse945,Linear,2026-07-28 15:34:22,0,,,,,NO_BPOD_AT_ALL
Mouse945,TMaze,2026-07-28 15:54:40,0,,,,,NO_BPOD_AT_ALL
Mouse945,TMaze,2026-07-29 13:56:33,0,,,,,NO_BPOD_AT_ALL
Mouse945,Linear,2026-07-29 14:29:47,0,,,,,NO_BPOD_AT_ALL
Mouse944,Linear,2026-07-29 15:04:01,0,,,,,NO_BPOD_AT_ALL
Mouse944,TMaze,2026-07-29 15:25:26,0,,,,,NO_BPOD_AT_ALL
Mouse944,TMaze,2026-07-30 14:52:20,0,,,,,NO_BPOD_AT_ALL
Mouse944,Linear,2026-07-30 15:26:53,0,,,,,NO_BPOD_AT_ALL
Mouse945,Linear,2026-07-30 15:54:13,0,,,,,NO_BPOD_AT_ALL
Mouse945,TMaze,2026-07-30 16:13:18,0,,,,,NO_BPOD_AT_ALL
Mouse945,Linear,2026-08-01 15:16:48,0,,,,,NO_BPOD_AT_ALL
Mouse945,TMaze,2026-08-01 15:38:08,0,,,,,NO_BPOD_AT_ALL
Mouse944,Linear,2026-08-01 16:10:14,0,,,,,NO_BPOD_AT_ALL
Mouse944,TMaze,2026-08-01 16:16:18,0,,,,,NO_BPOD_AT_ALL
Mouse944,Linear,2026-08-01 16:44:29,0,,,,,NO_BPOD_AT_ALL
Mouse944,Linear,2026-08-02 14:20:43,0,,,,,NO_BPOD_AT_ALL
Mouse944,TMaze,2026-08-02 14:48:49,0,,,,,NO_BPOD_AT_ALL
Mouse945,TMaze,2026-08-02 15:19:00,0,,,,,NO_BPOD_AT_ALL
Mouse945,Linear,2026-08-02 15:47:04,0,,,,,NO_BPOD_AT_ALL
Mouse944,Linear,2026-08-03 14:23:26,0,,,,,NO_BPOD_AT_ALL
Mouse944,TMaze,2026-08-03 14:53:43,0,,,,,NO_BPOD_AT_ALL
Mouse945,TMaze,2026-08-03 15:24:27,0,,,,,NO_BPOD_AT_ALL
Mouse945,Linear,2026-08-03 15:57:22,0,,,,,NO_BPOD_AT_ALL
Mouse944,Linear,2026-08-04 14:29:36,0,,,,,NO_BPOD_AT_ALL
Mouse944,TMaze,2026-08-04 14:59:15,0,,,,,NO_BPOD_AT_ALL
Mouse945,TMaze,2026-08-04 15:31:59,0,,,,,NO_BPOD_AT_ALL
Mouse945,Linear,2026-08-04 15:59:53,0,,,,,NO_BPOD_AT_ALL
Mouse945,Linear,2026-07-14 14:58:46,1,326.0,Mouse945/LinearTrack/Session Data/Mouse945_LinearTrack_20260714_150412.mat,55.0,854.2518,
Mouse163,Linear,2024-06-05 10:16:00,1,55.0,Mouse163/LinearTrack/Session Data/Mouse163_LinearTrack_20240605_101655.mat,50.0,1189.2915999999998,
Mouse943,Linear,2025-12-17 17:37:03,1,-8.0,Mouse943/LinearTrack/Session Data/Mouse943_LinearTrack_20251217_173655.mat,14.0,375.4384,
Mouse847,Linear,2025-12-14 18:59:58,1,346.0,Mouse847/LinearTrack/Session Data/Mouse847_LinearTrack_20251214_190544.mat,32.0,380.3406,
Mouse847,Linear,2025-12-16 16:54:54,1,321.0,Mouse847/LinearTrack/Session Data/Mouse847_LinearTrack_20251216_170015.mat,21.0,1800.9879999999998,
Mouse943,TMaze,2025-12-10 18:46:51,1,368.0,Mouse943/TMaze4/Session Data/Mouse943_TMaze4_20251210_185259.mat,6.0,948.8343,
Mouse943,TMaze,2025-12-17 17:05:56,1,313.0,Mouse943/TMaze4/Session Data/Mouse943_TMaze4_20251217_171109.mat,40.0,918.8886,
Mouse1636,Linear,2024-06-29 17:56:53,1,371.0,Mouse1636/LinearTrack/Session Data/Mouse1636_LinearTrack_20240629_180304.mat,41.0,422.4841,
