mouse,round,expected_days,raw_days,caiman_days,missing_days,missing_dates,flagged_days
Mouse163,Round1,20,20,20,0,,7
Mouse163,Round1.5,20,19,19,1,2024-06-28,20
Mouse163,Round2,2,2,0,0,,2
Mouse163,Unscheduled,0,1,0,0,,1
Mouse1636,Round1,20,20,17,0,,5
Mouse1636,Round1.5,20,17,17,3,2024-06-22|2024-06-23|2024-06-24,20
Mouse1636,Round2,2,1,0,1,2024-07-19,2
Mouse1637,Baseline,2,2,1,0,,1
Mouse1637,Round1,20,20,18,0,,4
Mouse1637,Round1.5,20,20,20,0,,20
Mouse1637,Round2,2,2,0,0,,2
Mouse1637,Round3,29,29,29,0,,29
Mouse1637,Round3.5,14,14,14,0,,14
Mouse1639,Round1,20,20,16,0,,9
Mouse1639,Round1.5,20,20,17,0,,20
Mouse1639,Round2,2,1,0,1,2024-07-19,2
Mouse1639,Round3,29,26,26,3,2024-10-07|2024-10-08|2024-10-20,29
Mouse1639,Round3.5,3,3,0,0,,3
Mouse847,Extra,0,1,0,0,,1
Mouse847,Round1,21,21,20,0,,12
Mouse847,Round1.5,18,18,18,0,,18
Mouse905,Unscheduled,0,15,0,0,,15
Mouse943,Round1,17,17,16,0,,14
Mouse943,Round1.5,15,15,15,0,,15
Mouse944,Round1,22,22,21,0,,11
Mouse944,Round1.5,18,18,0,0,,18
Mouse945,Round1,20,20,20,0,,20
Mouse945,Round1.5,20,20,19,0,,20
Mouse945,Round2,37,36,32,1,2026-07-31,37
Mouse946,Round1,20,20,20,0,,20
Mouse946,Round1.5,20,19,19,1,2026-02-22,20
