mouse,round,task,date,n_timestamps,timestamps,expected_per_plan,raw_miniscope,raw_behavior,raw_timestamps,raw_gb,dlc,dlc_160000,dlc_sessions_missing_160000,trimmed,caiman,caiman_variants,trial_csv,copies_on_mounted_drives,locations,owner_annotation,GAP,notebook_note
Mouse905,Unscheduled,,2026-06-26,1,20260626T165824,0,1,1,1,24.854,0,0,,0,0,,0,2,Seagate3:Mouse905 ;; SeagateClean:Mouse905,,UNPROCESSED,
Mouse905,Unscheduled,,2026-06-27,1,20260627T155259,0,1,1,1,24.571,0,0,,0,0,,0,2,Seagate3:Mouse905 ;; SeagateClean:Mouse905,,UNPROCESSED,
Mouse905,Unscheduled,,2026-06-28,1,20260628T140839,0,1,1,1,27.16,0,0,,0,0,,0,2,Seagate3:Mouse905 ;; SeagateClean:Mouse905,,UNPROCESSED,
Mouse905,Unscheduled,,2026-06-29,1,20260629T141335,0,1,1,1,21.714,0,0,,0,0,,0,2,Seagate3:Mouse905 ;; SeagateClean:Mouse905,,UNPROCESSED,
Mouse905,Unscheduled,,2026-06-30,1,20260630T141916,0,1,1,1,23.801,0,0,,0,0,,0,2,Seagate3:Mouse905 ;; SeagateClean:Mouse905,,UNPROCESSED,
Mouse905,Unscheduled,,2026-07-01,1,20260701T151459,0,1,1,1,21.599,0,0,,0,0,,0,2,Seagate3:Mouse905 ;; SeagateClean:Mouse905,,UNPROCESSED,
Mouse905,Unscheduled,,2026-07-02,1,20260702T141415,0,1,1,1,21.278,0,0,,0,0,,0,2,Seagate3:Mouse905 ;; SeagateClean:Mouse905,,UNPROCESSED,
Mouse905,Unscheduled,,2026-07-03,1,20260703T142558,0,1,1,1,20.484,0,0,,0,0,,0,2,Seagate3:Mouse905 ;; SeagateClean:Mouse905,,UNPROCESSED,
Mouse905,Unscheduled,,2026-07-04,1,20260704T142749,0,1,1,1,23.17,0,0,,0,0,,0,2,Seagate3:Mouse905 ;; SeagateClean:Mouse905,,UNPROCESSED,
Mouse905,Unscheduled,,2026-07-05,1,20260705T144529,0,1,1,1,21.603,0,0,,0,0,,0,2,Seagate3:Mouse905 ;; SeagateClean:Mouse905,,UNPROCESSED,
Mouse905,Unscheduled,,2026-07-06,1,20260706T141357,0,1,1,1,19.435,0,0,,0,0,,0,2,Seagate3:Mouse905 ;; SeagateClean:Mouse905,,UNPROCESSED,
Mouse905,Unscheduled,,2026-07-07,2,20260707T162418|20260707T163210,0,1,1,1,14.724,0,0,,0,0,,0,2,Seagate3:Mouse905 ;; SeagateClean:Mouse905,,MULTI_FILE_DAY|UNPROCESSED,
Mouse905,Unscheduled,,2026-07-08,1,20260708T142302,0,1,1,1,13.223,0,0,,0,0,,0,2,Seagate3:Mouse905 ;; SeagateClean:Mouse905,,UNPROCESSED,
Mouse905,Unscheduled,,2026-07-09,1,20260709T142548,0,0,1,1,13.632,0,0,,0,0,,0,2,Seagate3:Mouse905 ;; SeagateClean:Mouse905,,NO_MINISCOPE,
Mouse905,Unscheduled,,2026-07-10,1,20260710T144500,0,0,1,1,5.475,0,0,,0,0,,0,1,SeagateClean:Mouse905,,NO_MINISCOPE,
