original_file_name,date,time,group_name,Linear,TMaze,First_track_of_the_day,datetime,Time_since_last_behavior,SleepBox1,SleepBox2,RoundInfo,duration_min
behavior2024-05-21T16_25_33,20240521,162533,Other,0,0,0,2024-05-21 16:25:33,,1,0,Round 1,0:31
behaviorLinear2024-05-21T16_25_33,20240521,162533,LinearTrack,1,0,1,2024-05-21 16:25:33,,0,0,Round 1,0:31
behavior2024-05-21T16_26_14,20240521,162614,Other,0,0,0,2024-05-21 16:26:14,,0,0,Round 1,6:38
behaviorLinear2024-05-21T16_26_14,20240521,162614,LinearTrack,1,0,0,2024-05-21 16:26:14,,0,0,Round 1,6:38
behavior2024-05-21T16_34_01,20240521,163401,Other,0,0,0,2024-05-21 16:34:01,,0,0,Round 1,5:11
behaviorLinear2024-05-21T16_34_01,20240521,163401,LinearTrack,1,0,0,2024-05-21 16:34:01,,0,0,Round 1,5:11
behavior2024-05-21T16_42_34,20240521,164234,Other,0,0,0,2024-05-21 16:42:34,,0,1,Round 1,11:42
behaviorLinear2024-05-21T16_42_34,20240521,164234,LinearTrack,1,0,0,2024-05-21 16:42:34,,0,0,Round 1,11:42
behavior2024-05-22T17_42_49,20240522,174249,Other,0,0,0,2024-05-22 17:42:49,25.2877777777778,1,0,Round 1,0:07
behaviorLinear2024-05-22T17_42_49,20240522,174249,LinearTrack,1,0,1,2024-05-22 17:42:49,,0,0,Round 1,0:07
behavior2024-05-22T17_43_09,20240522,174309,Other,0,0,0,2024-05-22 17:43:09,,0,1,Round 1,23:11
behaviorLinear2024-05-22T17_43_09,20240522,174309,LinearTrack,1,0,0,2024-05-22 17:43:09,,0,0,Round 1,23:11
behaviorLinear2024-05-23T18_14_05,20240523,181405,Other,0,0,0,2024-05-23 18:14:05,24.5211111111111,1,1,Round 1,27:42
behavior2024-05-23T18_14_05,20240523,181405,LinearTrack,1,0,1,2024-05-23 18:14:05,,0,0,Round 1,27:42
behaviorLinear2024-05-24T18_42_16,20240524,184216,Other,0,0,0,2024-05-24 18:42:16,24.4697222222222,1,1,Round 1,28:05
behavior2024-05-24T18_42_16,20240524,184216,LinearTrack,1,0,1,2024-05-24 18:42:16,,0,0,Round 1,28:05
behaviorLinear2024-05-25T18_27_34,20240525,182734,Other,0,0,0,2024-05-25 18:27:34,23.755,1,1,Round 1,27:45
behavior2024-05-25T18_27_34,20240525,182734,LinearTrack,1,0,1,2024-05-25 18:27:34,,0,0,Round 1,27:45
behaviorLinear2024-05-26T14_39_05,20240526,143905,Other,0,0,0,2024-05-26 14:39:05,20.1919444444444,1,1,Round 1,28:31
behavior2024-05-26T14_39_05,20240526,143905,LinearTrack,1,0,1,2024-05-26 14:39:05,,0,0,Round 1,28:31
behaviorLinear2024-05-27T14_03_29,20240527,140329,Other,0,0,0,2024-05-27 14:03:29,23.4066666666667,1,1,Round 1,30:35
behavior2024-05-27T14_03_29,20240527,140329,LinearTrack,1,0,1,2024-05-27 14:03:29,,0,0,Round 1,30:35
behavior2024-05-28T12_36_37,20240528,123637,LinearTrack,1,0,1,2024-05-28 12:36:37,,0,0,Round 1,33:47
behaviorLinear2024-05-28T12_36_37,20240528,123637,Other,0,0,0,2024-05-28 12:36:37,22.5522222222222,1,1,Round 1,33:47
behavior2024-05-29T16_51_34,20240529,165134,LinearTrack,1,0,1,2024-05-29 16:51:34,,0,0,Round 1,0:05
behaviorLinear2024-05-29T16_51_34,20240529,165134,Other,0,0,0,2024-05-29 16:51:34,28.2491666666667,1,0,Round 1,0:05
behaviorLinear2024-05-29T16_51_50,20240529,165150,Other,0,0,0,2024-05-29 16:51:50,,0,0,Round 1,0:02
behavior2024-05-29T16_51_50,20240529,165150,LinearTrack,1,0,0,2024-05-29 16:51:50,,0,0,Round 1,0:02
behavior2024-05-29T16_51_58,20240529,165158,LinearTrack,1,0,0,2024-05-29 16:51:58,,0,0,Round 1,28:17
behaviorLinear2024-05-29T16_51_58,20240529,165158,Other,0,0,0,2024-05-29 16:51:58,,0,1,Round 1,28:17
behavior2024-05-30T14_37_47,20240530,143747,LinearTrack,1,0,1,2024-05-30 14:37:47,,0,0,Round 1,27:42
behaviorLinear2024-05-30T14_37_47,20240530,143747,Other,0,0,0,2024-05-30 14:37:47,21.7702777777778,1,1,Round 1,27:42
behavior2024-05-31T13_36_37,20240531,133637,LinearTrack,1,0,1,2024-05-31 13:36:37,,0,0,Round 1,27:51
behaviorLinear2024-05-31T13_36_37,20240531,133637,Other,0,0,0,2024-05-31 13:36:37,22.9805555555555,1,1,Round 1,27:51
behavior2024-06-01T16_57_24,20240601,165724,LinearTrack,1,0,1,2024-06-01 16:57:24,,0,0,Round 1,28:33
behaviorLinear2024-06-01T16_57_24,20240601,165724,Other,0,0,0,2024-06-01 16:57:24,27.3463888888889,1,1,Round 1,28:33
behaviorLinear2024-06-02T13_36_34,20240602,133634,Other,0,0,0,2024-06-02 13:36:34,20.6527777777778,1,1,Round 1,27:42
behavior2024-06-02T13_36_34,20240602,133634,LinearTrack,1,0,1,2024-06-02 13:36:34,,0,0,Round 1,27:42
behavior2024-06-03T11_48_55,20240603,114855,LinearTrack,1,0,1,2024-06-03 11:48:55,,0,0,Round 1,0:04
behaviorLinear2024-06-03T11_48_55,20240603,114855,Other,0,0,0,2024-06-03 11:48:55,22.2058333333333,1,0,Round 1,0:04
behavior2024-06-03T11_49_24,20240603,114924,LinearTrack,1,0,0,2024-06-03 11:49:24,,0,0,Round 1,30:24
behaviorLinear2024-06-03T11_49_24,20240603,114924,Other,0,0,0,2024-06-03 11:49:24,,0,1,Round 1,30:24
behavior2024-06-04T10_37_19,20240604,103719,LinearTrack,1,0,1,2024-06-04 10:37:19,,0,0,Round 1,28:28
behaviorLinear2024-06-04T10_37_19,20240604,103719,Other,0,0,0,2024-06-04 10:37:19,22.8066666666667,1,1,Round 1,28:28
behavior2024-06-05T09_22_16,20240605,92216,LinearTrack,1,0,1,2024-06-05 09:22:16,,0,0,Round 1,31:15
behaviorLinear2024-06-05T09_22_16,20240605,92216,Other,0,0,0,2024-06-05 09:22:16,22.7491666666667,1,1,Round 1,31:15
behaviorLinear2024-06-06T14_35_51,20240606,143551,Other,0,0,0,2024-06-06 14:35:51,29.2263888888889,1,1,Round 1,27:10
behavior2024-06-06T14_35_51,20240606,143551,LinearTrack,1,0,1,2024-06-06 14:35:51,,0,0,Round 1,27:10
behavior2024-06-07T12_55_13,20240607,125513,LinearTrack,1,0,1,2024-06-07 12:55:13,,0,0,Round 1,26:36
behaviorLinear2024-06-07T12_55_13,20240607,125513,Other,0,0,0,2024-06-07 12:55:13,22.3227777777778,1,1,Round 1,26:36
behavior2024-06-08T15_56_23,20240608,155623,LinearTrack,1,0,1,2024-06-08 15:56:23,,0,0,Round 1,26:50
behaviorLinear2024-06-08T15_56_23,20240608,155623,Other,0,0,0,2024-06-08 15:56:23,27.0194444444444,1,1,Round 1,26:50
behavior2024-06-09T14_51_48,20240609,145148,LinearTrack,1,0,1,2024-06-09 14:51:48,,0,0,Round 1,27:46
behaviorLinear2024-06-09T14_51_48,20240609,145148,Other,0,0,0,2024-06-09 14:51:48,22.9236111111111,1,1,Round 1,27:46
behavior2024-06-10T17_53_09,20240610,175309,TMaze,0,1,1,2024-06-10 17:53:09,,0,0,Round 1.5,28:00
behaviorLinear2024-06-10T17_53_09,20240610,175309,Other,0,0,0,2024-06-10 17:53:09,27.0225,1,0,Round 1.5,28:00
behaviorLinear2024-06-10T18_27_33,20240610,182733,Other,0,0,0,2024-06-10 18:27:33,,0,0,Round 1.5,0:04
behavior2024-06-10T18_27_33,20240610,182733,LinearTrack,1,0,0,2024-06-10 18:27:33,,0,0,Round 1.5,0:04
behaviorLinear2024-06-10T18_27_47,20240610,182747,Other,0,0,0,2024-06-10 18:27:47,,0,1,Round 1.5,21:41
behavior2024-06-10T18_27_47,20240610,182747,LinearTrack,1,0,0,2024-06-10 18:27:47,,0,0,Round 1.5,21:41
behaviorLinear2024-06-11T14_04_49,20240611,140449,Other,0,0,0,2024-06-11 14:04:49,20.1944444444444,1,0,Round 1.5,28:11
behavior2024-06-11T14_04_49,20240611,140449,TMaze,0,1,1,2024-06-11 14:04:49,,0,0,Round 1.5,28:11
behaviorLinear2024-06-11T14_35_02,20240611,143502,Other,0,0,0,2024-06-11 14:35:02,,0,1,Round 1.5,17:04
behavior2024-06-11T14_35_02,20240611,143502,LinearTrack,1,0,0,2024-06-11 14:35:02,,0,0,Round 1.5,17:04
behaviorLinear2024-06-12T13_03_22,20240612,130322,Other,0,0,0,2024-06-12 13:03:22,22.9758333333333,1,0,Round 1.5,0:07
behavior2024-06-12T13_03_22,20240612,130322,LinearTrack,1,0,1,2024-06-12 13:03:22,,0,0,Round 1.5,0:07
behaviorLinear2024-06-12T13_05_16,20240612,130516,Other,0,0,0,2024-06-12 13:05:16,,0,0,Round 1.5,0:09
behavior2024-06-12T13_05_16,20240612,130516,LinearTrack,1,0,0,2024-06-12 13:05:16,,0,0,Round 1.5,0:09
behavior2024-06-12T13_05_34,20240612,130534,TMaze,0,1,0,2024-06-12 13:05:34,,0,0,Round 1.5,29:56
behaviorLinear2024-06-12T13_05_34,20240612,130534,Other,0,0,0,2024-06-12 13:05:34,,0,0,Round 1.5,29:56
behavior2024-06-12T13_37_36,20240612,133736,LinearTrack,1,0,0,2024-06-12 13:37:36,,0,0,Round 1.5,17:37
behaviorLinear2024-06-12T13_37_36,20240612,133736,Other,0,0,0,2024-06-12 13:37:36,,0,1,Round 1.5,17:37
behavior2024-06-13T15_32_40,20240613,153240,TMaze,0,1,1,2024-06-13 15:32:40,,0,0,Round 1.5,0:08
behaviorLinear2024-06-13T15_32_40,20240613,153240,Other,0,0,0,2024-06-13 15:32:40,26.4883333333333,1,0,Round 1.5,0:08
behaviorLinear2024-06-13T15_32_54,20240613,153254,Other,0,0,0,2024-06-13 15:32:54,,0,0,Round 1.5,28:03
behavior2024-06-13T15_32_54,20240613,153254,TMaze,0,1,0,2024-06-13 15:32:54,,0,0,Round 1.5,28:03
behavior2024-06-13T16_01_19,20240613,160119,LinearTrack,1,0,0,2024-06-13 16:01:19,,0,0,Round 1.5,23:02
behaviorLinear2024-06-13T16_01_19,20240613,160119,Other,0,0,0,2024-06-13 16:01:19,,0,1,Round 1.5,23:02
behavior2024-06-14T17_19_31,20240614,171931,TMaze,0,1,1,2024-06-14 17:19:31,,0,0,Round 1.5,27:59
behaviorLinear2024-06-14T17_19_31,20240614,171931,Other,0,0,0,2024-06-14 17:19:31,25.7808333333333,1,0,Round 1.5,27:59
behaviorLinear2024-06-14T17_49_23,20240614,174923,Other,0,0,0,2024-06-14 17:49:23,,0,1,Round 1.5,22:16
behavior2024-06-14T17_49_23,20240614,174923,LinearTrack,1,0,0,2024-06-14 17:49:23,,0,0,Round 1.5,22:16
behaviorLinear2024-06-15T14_59_45,20240615,145945,Other,0,0,0,2024-06-15 14:59:45,21.6705555555556,1,0,Round 1.5,27:37
behavior2024-06-15T14_59_45,20240615,145945,TMaze,0,1,1,2024-06-15 14:59:45,,0,0,Round 1.5,27:37
behaviorLinear2024-06-15T15_29_12,20240615,152912,Other,0,0,0,2024-06-15 15:29:12,,0,1,Round 1.5,22:44
behavior2024-06-15T15_29_12,20240615,152912,LinearTrack,1,0,0,2024-06-15 15:29:12,,0,0,Round 1.5,22:44
behaviorLinear2024-06-16T09_47_26,20240616,94726,Other,0,0,0,2024-06-16 09:47:26,18.7947222222222,1,0,Round 1.5,27:15
behavior2024-06-16T09_47_26,20240616,94726,TMaze,0,1,1,2024-06-16 09:47:26,,0,0,Round 1.5,27:15
behavior2024-06-16T10_16_06,20240616,101606,LinearTrack,1,0,0,2024-06-16 10:16:06,,0,0,Round 1.5,21:56
behaviorLinear2024-06-16T10_16_06,20240616,101606,Other,0,0,0,2024-06-16 10:16:06,,0,1,Round 1.5,21:56
behavior2024-06-17T17_20_01,20240617,172001,TMaze,0,1,1,2024-06-17 17:20:01,,0,0,Round 1.5,26:45
behaviorLinear2024-06-17T17_20_01,20240617,172001,Other,0,0,0,2024-06-17 17:20:01,31.5430555555556,1,0,Round 1.5,26:45
behaviorLinear2024-06-17T17_48_20,20240617,174820,Other,0,0,0,2024-06-17 17:48:20,,0,0,Round 1.5,0:39
behavior2024-06-17T17_48_20,20240617,174820,LinearTrack,1,0,0,2024-06-17 17:48:20,,0,0,Round 1.5,0:39
behavior2024-06-17T17_49_02,20240617,174902,LinearTrack,1,0,0,2024-06-17 17:49:02,,0,0,Round 1.5,21:39
behaviorLinear2024-06-17T17_49_02,20240617,174902,Other,0,0,0,2024-06-17 17:49:02,,0,1,Round 1.5,21:39
behavior2024-06-18T15_31_59,20240618,153159,TMaze,0,1,1,2024-06-18 15:31:59,,0,0,Round 1.5,27:33
behaviorLinear2024-06-18T15_31_59,20240618,153159,Other,0,0,0,2024-06-18 15:31:59,22.1994444444444,1,0,Round 1.5,27:33
behavior2024-06-18T16_00_58,20240618,160058,LinearTrack,1,0,0,2024-06-18 16:00:58,,0,0,Round 1.5,21:17
behaviorLinear2024-06-18T16_00_58,20240618,160058,Other,0,0,0,2024-06-18 16:00:58,,0,1,Round 1.5,21:17
behaviorLinear2024-06-19T10_16_49,20240619,101649,Other,0,0,0,2024-06-19 10:16:49,18.7472222222222,1,0,Round 1.5,26:43
behavior2024-06-19T10_16_49,20240619,101649,TMaze,0,1,1,2024-06-19 10:16:49,,0,0,Round 1.5,26:43
behavior2024-06-19T10_45_15,20240619,104515,LinearTrack,1,0,0,2024-06-19 10:45:15,,0,0,Round 1.5,21:57
behaviorLinear2024-06-19T10_45_15,20240619,104515,Other,0,0,0,2024-06-19 10:45:15,,0,1,Round 1.5,21:57
behaviorLinear2024-06-20T13_33_38,20240620,133338,Other,0,0,0,2024-06-20 13:33:38,27.2802777777778,1,0,Round 1.5,27:49
behavior2024-06-20T13_33_38,20240620,133338,TMaze,0,1,1,2024-06-20 13:33:38,,0,0,Round 1.5,27:49
behaviorLinear2024-06-20T14_04_10,20240620,140410,Other,0,0,0,2024-06-20 14:04:10,,0,1,Round 1.5,21:48
behavior2024-06-20T14_04_10,20240620,140410,LinearTrack,1,0,0,2024-06-20 14:04:10,,0,0,Round 1.5,21:48
behaviorLinear2024-06-21T13_22_46,20240621,132246,Other,0,0,0,2024-06-21 13:22:46,23.8188888888889,1,0,Round 1.5,22:15
behavior2024-06-21T13_22_46,20240621,132246,LinearTrack,1,0,1,2024-06-21 13:22:46,,0,0,Round 1.5,22:15
behaviorLinear2024-06-21T13_47_43,20240621,134743,Other,0,0,0,2024-06-21 13:47:43,,0,1,Round 1.5,23:48
behavior2024-06-21T13_47_43,20240621,134743,TMaze,0,1,0,2024-06-21 13:47:43,,0,0,Round 1.5,23:48
behaviorLinear2024-06-22T16_45_33,20240622,164533,Other,0,0,0,2024-06-22 16:45:33,27.3797222222222,1,0,Round 1.5,27:21
behavior2024-06-22T16_45_33,20240622,164533,TMaze,0,1,1,2024-06-22 16:45:33,,0,0,Round 1.5,27:21
behavior2024-06-22T17_15_00,20240622,171500,LinearTrack,1,0,0,2024-06-22 17:15:00,,0,0,Round 1.5,22:15
behaviorLinear2024-06-22T17_15_00,20240622,171500,Other,0,0,0,2024-06-22 17:15:00,,0,1,Round 1.5,22:15
behavior2024-06-23T09_09_11,20240623,90911,TMaze,0,1,1,2024-06-23 09:09:11,,0,0,Round 1.5,29:35
behaviorLinear2024-06-23T09_09_11,20240623,90911,Other,0,0,0,2024-06-23 09:09:11,16.3938888888889,1,0,Round 1.5,29:35
behavior2024-06-23T09_40_38,20240623,94038,LinearTrack,1,0,0,2024-06-23 09:40:38,,0,0,Round 1.5,23:02
behaviorLinear2024-06-23T09_40_38,20240623,94038,Other,0,0,0,2024-06-23 09:40:38,,0,1,Round 1.5,23:02
behavior2024-06-24T15_10_37,20240624,151037,LinearTrack,1,0,1,2024-06-24 15:10:37,,0,0,Round 1.5,22:02
behaviorLinear2024-06-24T15_10_37,20240624,151037,Other,0,0,0,2024-06-24 15:10:37,30.0238888888889,1,0,Round 1.5,22:02
behavior2024-06-24T15_34_25,20240624,153425,TMaze,0,1,0,2024-06-24 15:34:25,,0,0,Round 1.5,24:48
behaviorLinear2024-06-24T15_34_25,20240624,153425,Other,0,0,0,2024-06-24 15:34:25,,0,1,Round 1.5,24:48
behavior2024-06-25T17_37_17,20240625,173717,TMaze,0,1,1,2024-06-25 17:37:17,,0,0,Round 1.5,26:24
behaviorLinear2024-06-25T17_37_17,20240625,173717,Other,0,0,0,2024-06-25 17:37:17,26.4444444444444,1,0,Round 1.5,26:24
behaviorLinear2024-06-25T18_04_58,20240625,180458,Other,0,0,0,2024-06-25 18:04:58,,0,1,Round 1.5,19:43
behavior2024-06-25T18_04_58,20240625,180458,LinearTrack,1,0,0,2024-06-25 18:04:58,,0,0,Round 1.5,19:43
behavior2024-06-26T14_09_02,20240626,140902,TMaze,0,1,1,2024-06-26 14:09:02,,0,0,Round 1.5,28:43
behaviorLinear2024-06-26T14_09_02,20240626,140902,Other,0,0,0,2024-06-26 14:09:02,20.5291666666667,1,0,Round 1.5,28:43
behavior2024-06-26T14_39_53,20240626,143953,LinearTrack,1,0,0,2024-06-26 14:39:53,,0,0,Round 1.5,21:25
behaviorLinear2024-06-26T14_39_53,20240626,143953,Other,0,0,0,2024-06-26 14:39:53,,0,1,Round 1.5,21:25
behavior2024-06-27T16_15_00,20240627,161500,TMaze,0,1,1,2024-06-27 16:15:00,,0,0,Round 1.5,27:07
behaviorLinear2024-06-27T16_15_00,20240627,161500,Other,0,0,0,2024-06-27 16:15:00,26.0994444444444,1,0,Round 1.5,27:07
behaviorLinear2024-06-27T16_43_57,20240627,164357,Other,0,0,0,2024-06-27 16:43:57,,0,1,Round 1.5,21:52
behavior2024-06-27T16_43_57,20240627,164357,LinearTrack,1,0,0,2024-06-27 16:43:57,,0,0,Round 1.5,21:52
behaviorLinear2024-06-28T14_00_26,20240628,140026,Other,0,0,0,2024-06-28 14:00:26,21.7572222222222,1,0,Round 1.5,25:24
behavior2024-06-28T14_00_26,20240628,140026,LinearTrack,1,0,1,2024-06-28 14:00:26,,0,0,Round 1.5,25:24
behavior2024-06-28T14_28_04,20240628,142804,TMaze,0,1,0,2024-06-28 14:28:04,,0,0,Round 1.5,0:09
behaviorLinear2024-06-28T14_28_04,20240628,142804,Other,0,0,0,2024-06-28 14:28:04,,0,0,Round 1.5,0:09
behaviorLinear2024-06-28T14_28_43,20240628,142843,Other,0,0,0,2024-06-28 14:28:43,,0,0,Round 1.5,2:48
behavior2024-06-28T14_28_43,20240628,142843,TMaze,0,1,0,2024-06-28 14:28:43,,0,0,Round 1.5,2:48
behavior2024-06-28T14_39_53,20240628,143953,TMaze,0,1,0,2024-06-28 14:39:53,,0,0,Round 1.5,24:25
behaviorLinear2024-06-28T14_39_53,20240628,143953,Other,0,0,0,2024-06-28 14:39:53,,0,1,Round 1.5,24:25
behaviorLinear2024-06-29T17_09_22,20240629,170922,Other,0,0,0,2024-06-29 17:09:22,27.1488888888889,1,0,Round 1.5,21:14
behavior2024-06-29T17_09_22,20240629,170922,LinearTrack,1,0,1,2024-06-29 17:09:22,,0,0,Round 1.5,21:14
behavior2024-06-29T17_32_11,20240629,173211,TMaze,0,1,0,2024-06-29 17:32:11,,0,0,Round 1.5,21:31
behaviorLinear2024-06-29T17_32_11,20240629,173211,Other,0,0,0,2024-06-29 17:32:11,,0,1,Round 1.5,21:31
behavior2024-07-18T16_12_10,20240718,161210,LinearTrack,1,0,1,2024-07-18 16:12:10,,0,0,Round 2,31:24
behaviorLinear2024-07-18T16_12_10,20240718,161210,Other,0,0,0,2024-07-18 16:12:10,455.046666666667,1,0,Round 2,31:24
behavior2024-07-18T16_45_48,20240718,164548,TMaze,0,1,0,2024-07-18 16:45:48,,0,0,Round 2,16:38
behaviorLinear2024-07-18T16_45_48,20240718,164548,Other,0,0,0,2024-07-18 16:45:48,,0,0,Round 2,16:38
behavior2024-07-18T17_02_46,20240718,170246,TMaze,0,1,0,2024-07-18 17:02:46,,0,0,Round 2,6:24
behaviorLinear2024-07-18T17_02_46,20240718,170246,Other,0,0,0,2024-07-18 17:02:46,,0,1,Round 2,6:24
behavior2024-07-19T15_07_13,20240719,150713,LinearTrack,1,0,1,2024-07-19 15:07:13,,0,0,Round 2,30:14
behaviorLinear2024-07-19T15_07_13,20240719,150713,Other,0,0,0,2024-07-19 15:07:13,22.9175,1,0,Round 2,30:14
behaviorLinear2024-07-19T15_39_02,20240719,153902,Other,0,0,0,2024-07-19 15:39:02,,0,1,Round 2,22:16
behavior2024-07-19T15_39_02,20240719,153902,TMaze,0,1,0,2024-07-19 15:39:02,,0,0,Round 2,22:16
behavior2024-07-18T16_12_10,20240718,161210,LinearTrack,1,0,1,2024-07-18 16:12:10,,0,0,Round 2,31:24
behaviorLinear2024-07-18T16_12_10,20240718,161210,Other,0,0,0,2024-07-18 16:12:10,,0,0,Round 2,31:24
behaviorLinear2024-07-18T16_45_48,20240718,164548,Other,0,0,0,2024-07-18 16:45:48,,0,0,Round 2,16:38
behavior2024-07-18T16_45_48,20240718,164548,TMaze,0,1,0,2024-07-18 16:45:48,,0,0,Round 2,16:38
behaviorLinear2024-07-18T17_02_46,20240718,170246,Other,0,0,0,2024-07-18 17:02:46,,0,0,Round 2,6:24
behavior2024-07-18T17_02_46,20240718,170246,TMaze,0,1,0,2024-07-18 17:02:46,,0,0,Round 2,6:24
behavior2024-07-19T15_07_13,20240719,150713,LinearTrack,1,0,1,2024-07-19 15:07:13,,0,0,Round 2,30:14
behaviorLinear2024-07-19T15_07_13,20240719,150713,Other,0,0,0,2024-07-19 15:07:13,22.9175,0,0,Round 2,30:14
behaviorLinear2024-07-19T15_39_02,20240719,153902,Other,0,0,0,2024-07-19 15:39:02,,0,0,Round 2,22:16
behavior2024-07-19T15_39_02,20240719,153902,TMaze,0,1,0,2024-07-19 15:39:02,,0,0,Round 2,22:16
behaviorLinear2024-10-02T13_01_53,20241002,130153,TMaze,0,1,1,2024-10-02 13:01:53,,0,0,Round 3,5:02
behavior2024-10-02T13_01_53,20241002,130153,LinearTrack,1,0,0,2024-10-02 13:01:53,,0,0,Round 3,5:02
behavior2024-10-02T13_07_10,20241002,130710,TMaze,0,1,0,2024-10-02 13:07:10,,0,0,Round 3,29:03
behaviorLinear2024-10-02T13_07_10,20241002,130710,Other,0,0,0,2024-10-02 13:07:10,,1,0,Round 3,29:03
behavior2024-10-02T13_36_44,20241002,133644,Other,0,0,0,2024-10-02 13:36:44,,0,0,Round 3,0:16
behaviorLinear2024-10-02T13_36_44,20241002,133644,LinearTrack,1,0,0,2024-10-02 13:36:44,,0,0,Round 3,0:16
behavior2024-10-02T13_38_21,20241002,133821,Other,0,0,0,2024-10-02 13:38:21,,0,1,Round 3,22:48
behaviorLinear2024-10-02T13_38_21,20241002,133821,LinearTrack,1,0,0,2024-10-02 13:38:21,,0,0,Round 3,22:48
behaviorLinear2024-10-03T14_16_18,20241003,141618,Other,0,0,0,2024-10-03 14:16:18,25.1522222222222,1,0,Round 3,28:44
behavior2024-10-03T14_16_18,20241003,141618,LinearTrack,1,0,1,2024-10-03 14:16:18,,0,0,Round 3,28:44
behavior2024-10-03T14_47_28,20241003,144728,TMaze,0,1,0,2024-10-03 14:47:28,,0,0,Round 3,22:21
behaviorLinear2024-10-03T14_47_28,20241003,144728,Other,0,0,0,2024-10-03 14:47:28,,0,1,Round 3,22:21
behavior2024-10-04T13_17_47,20241004,131747,LinearTrack,1,0,1,2024-10-04 13:17:47,,0,0,Round 3,26:29
behaviorLinear2024-10-04T13_17_47,20241004,131747,Other,0,0,0,2024-10-04 13:17:47,23.0247222222222,1,0,Round 3,26:29
behaviorLinear2024-10-04T13_46_20,20241004,134620,Other,0,0,0,2024-10-04 13:46:20,,0,1,Round 3,21:59
behavior2024-10-04T13_46_20,20241004,134620,TMaze,0,1,0,2024-10-04 13:46:20,,0,0,Round 3,21:59
behaviorLinear2024-10-05T14_23_23,20241005,142323,Other,0,0,0,2024-10-05 14:23:23,25.0933333333333,1,0,Round 3,0:01
behavior2024-10-05T14_23_23,20241005,142323,TMaze,0,1,1,2024-10-05 14:23:23,,0,0,Round 3,0:01
behavior2024-10-05T14_32_50,20241005,143250,TMaze,0,1,0,2024-10-05 14:32:50,,0,0,Round 3,28:00
behaviorLinear2024-10-05T14_32_50,20241005,143250,Other,0,0,0,2024-10-05 14:32:50,,0,0,Round 3,28:00
behaviorLinear2024-10-05T15_02_39,20241005,150239,Other,0,0,0,2024-10-05 15:02:39,,0,1,Round 3,23:27
behavior2024-10-05T15_02_39,20241005,150239,LinearTrack,1,0,0,2024-10-05 15:02:39,,0,0,Round 3,23:27
behavior2024-10-06T11_59_31,20241006,115931,LinearTrack,1,0,1,2024-10-06 11:59:31,,0,0,Round 3,0:03
behaviorLinear2024-10-06T11_59_31,20241006,115931,Other,0,0,0,2024-10-06 11:59:31,21.6022222222222,1,0,Round 3,0:03
behavior2024-10-06T11_59_45,20241006,115945,TMaze,0,1,0,2024-10-06 11:59:45,,0,0,Round 3,9:13
behaviorLinear2024-10-06T11_59_45,20241006,115945,Other,0,0,0,2024-10-06 11:59:45,,0,0,Round 3,9:13
behaviorLinear2024-10-06T12_18_34,20241006,121834,Other,0,0,0,2024-10-06 12:18:34,,0,0,Round 3,28:02
behavior2024-10-06T12_18_34,20241006,121834,TMaze,0,1,0,2024-10-06 12:18:34,,0,0,Round 3,28:02
behaviorLinear2024-10-06T12_48_27,20241006,124827,Other,0,0,0,2024-10-06 12:48:27,,0,1,Round 3,22:43
behavior2024-10-06T12_48_27,20241006,124827,LinearTrack,1,0,0,2024-10-06 12:48:27,,0,0,Round 3,22:43
behavior2024-10-07T13_30_42,20241007,133042,TMaze,0,1,1,2024-10-07 13:30:42,,0,0,Round 3,0:55
behaviorLinear2024-10-07T13_30_42,20241007,133042,Other,0,0,0,2024-10-07 13:30:42,25.5197222222222,1,0,Round 3,0:55
behavior2024-10-07T13_32_03,20241007,133203,TMaze,0,1,0,2024-10-07 13:32:03,,0,0,Round 3,28:05
behaviorLinear2024-10-07T13_32_03,20241007,133203,Other,0,0,0,2024-10-07 13:32:03,,0,0,Round 3,28:05
behaviorLinear2024-10-07T14_02_49,20241007,140249,Other,0,0,0,2024-10-07 14:02:49,,0,1,Round 3,22:22
behavior2024-10-07T14_02_49,20241007,140249,LinearTrack,1,0,0,2024-10-07 14:02:49,,0,0,Round 3,22:22
behaviorLinear2024-10-08T13_11_29,20241008,131129,Other,0,0,0,2024-10-08 13:11:29,23.6797222222222,1,0,Round 3,29:33
behavior2024-10-08T13_11_29,20241008,131129,TMaze,0,1,1,2024-10-08 13:11:29,,0,0,Round 3,29:33
behavior2024-10-08T13_43_34,20241008,134334,LinearTrack,1,0,0,2024-10-08 13:43:34,,0,0,Round 3,1:42
behaviorLinear2024-10-08T13_43_34,20241008,134334,Other,0,0,0,2024-10-08 13:43:34,,0,0,Round 3,1:42
behaviorLinear2024-10-08T13_45_20,20241008,134520,Other,0,0,0,2024-10-08 13:45:20,,0,1,Round 3,21:39
behavior2024-10-08T13_45_20,20241008,134520,LinearTrack,1,0,0,2024-10-08 13:45:20,,0,0,Round 3,21:39
behavior2024-10-09T13_44_23,20241009,134423,TMaze,0,1,1,2024-10-09 13:44:23,,0,0,Round 3,26:49
behaviorLinear2024-10-09T13_44_23,20241009,134423,Other,0,0,0,2024-10-09 13:44:23,24.5483333333333,1,0,Round 3,26:49
behavior2024-10-09T14_12_40,20241009,141240,LinearTrack,1,0,0,2024-10-09 14:12:40,,0,0,Round 3,21:25
behaviorLinear2024-10-09T14_12_40,20241009,141240,Other,0,0,0,2024-10-09 14:12:40,,0,1,Round 3,21:25
behaviorLinear2024-10-10T12_26_22,20241010,122622,Other,0,0,0,2024-10-10 12:26:22,22.6997222222222,1,0,Round 3,30:52
behavior2024-10-10T12_26_22,20241010,122622,TMaze,0,1,1,2024-10-10 12:26:22,,0,0,Round 3,30:52
behaviorLinear2024-10-10T12_58_46,20241010,125846,Other,0,0,0,2024-10-10 12:58:46,,0,1,Round 3,22:10
behavior2024-10-10T12_58_46,20241010,125846,LinearTrack,1,0,0,2024-10-10 12:58:46,,0,0,Round 3,22:10
behaviorLinear2024-10-11T14_47_45,20241011,144745,Other,0,0,0,2024-10-11 14:47:45,26.3563888888889,1,0,Round 3,28:03
behavior2024-10-11T14_47_45,20241011,144745,TMaze,0,1,1,2024-10-11 14:47:45,,0,0,Round 3,28:03
behaviorLinear2024-10-11T15_17_23,20241011,151723,Other,0,0,0,2024-10-11 15:17:23,,0,1,Round 3,21:50
behavior2024-10-11T15_17_23,20241011,151723,LinearTrack,1,0,0,2024-10-11 15:17:23,,0,0,Round 3,21:50
behavior2024-10-12T14_27_05,20241012,142705,TMaze,0,1,1,2024-10-12 14:27:05,,0,0,Round 3,28:51
behaviorLinear2024-10-12T14_27_05,20241012,142705,Other,0,0,0,2024-10-12 14:27:05,23.6555555555556,1,0,Round 3,28:51
behaviorLinear2024-10-12T14_58_08,20241012,145808,Other,0,0,0,2024-10-12 14:58:08,,0,1,Round 3,22:18
behavior2024-10-12T14_58_08,20241012,145808,LinearTrack,1,0,0,2024-10-12 14:58:08,,0,0,Round 3,22:18
behavior2024-10-13T14_00_45,20241013,140045,TMaze,0,1,1,2024-10-13 14:00:45,,0,0,Round 3,28:39
behaviorLinear2024-10-13T14_00_45,20241013,140045,Other,0,0,0,2024-10-13 14:00:45,23.5611111111111,1,0,Round 3,28:39
behavior2024-10-13T14_30_55,20241013,143055,LinearTrack,1,0,0,2024-10-13 14:30:55,,0,0,Round 3,0:00
behaviorLinear2024-10-13T14_30_55,20241013,143055,Other,0,0,0,2024-10-13 14:30:55,,0,1,Round 3,0:00
behavior2024-10-14T12_30_54,20241014,123054,TMaze,0,1,1,2024-10-14 12:30:54,,0,0,Round 3,1:16
behaviorLinear2024-10-14T12_30_54,20241014,123054,Other,0,0,0,2024-10-14 12:30:54,22.5025,1,0,Round 3,1:16
behavior2024-10-14T12_35_24,20241014,123524,TMaze,0,1,0,2024-10-14 12:35:24,,0,0,Round 3,0:01
behaviorLinear2024-10-14T12_35_24,20241014,123524,Other,0,0,0,2024-10-14 12:35:24,,0,0,Round 3,0:01
behaviorLinear2024-10-14T12_35_32,20241014,123532,Other,0,0,0,2024-10-14 12:35:32,,0,0,Round 3,28:39
behavior2024-10-14T12_35_32,20241014,123532,TMaze,0,1,0,2024-10-14 12:35:32,,0,0,Round 3,28:39
behavior2024-10-14T13_05_45,20241014,130545,LinearTrack,1,0,0,2024-10-14 13:05:45,,0,0,Round 3,21:41
behaviorLinear2024-10-14T13_05_45,20241014,130545,Other,0,0,0,2024-10-14 13:05:45,,0,1,Round 3,21:41
behavior2024-10-15T14_15_10,20241015,141510,TMaze,0,1,1,2024-10-15 14:15:10,,0,0,Round 3,26:28
behaviorLinear2024-10-15T14_15_10,20241015,141510,Other,0,0,0,2024-10-15 14:15:10,25.7377777777778,1,0,Round 3,26:28
behavior2024-10-15T14_43_02,20241015,144302,LinearTrack,1,0,0,2024-10-15 14:43:02,,0,0,Round 3,22:02
behaviorLinear2024-10-15T14_43_02,20241015,144302,Other,0,0,0,2024-10-15 14:43:02,,0,1,Round 3,22:02
behaviorLinear2024-10-16T13_09_55,20241016,130955,Other,0,0,0,2024-10-16 13:09:55,22.9125,1,0,Round 3,27:35
behavior2024-10-16T13_09_55,20241016,130955,TMaze,0,1,1,2024-10-16 13:09:55,,0,0,Round 3,27:35
behavior2024-10-16T13_38_56,20241016,133856,LinearTrack,1,0,0,2024-10-16 13:38:56,,0,0,Round 3,21:25
behaviorLinear2024-10-16T13_38_56,20241016,133856,Other,0,0,0,2024-10-16 13:38:56,,0,1,Round 3,21:25
behaviorLinear2024-10-17T14_31_54,20241017,143154,Other,0,0,0,2024-10-17 14:31:54,25.3663888888889,1,0,Round 3,28:39
behavior2024-10-17T14_31_54,20241017,143154,TMaze,0,1,1,2024-10-17 14:31:54,,0,0,Round 3,28:39
behaviorLinear2024-10-17T15_02_01,20241017,150201,Other,0,0,0,2024-10-17 15:02:01,,0,1,Round 3,22:24
behavior2024-10-17T15_02_01,20241017,150201,LinearTrack,1,0,0,2024-10-17 15:02:01,,0,0,Round 3,22:24
behavior2024-10-18T13_15_50,20241018,131550,TMaze,0,1,1,2024-10-18 13:15:50,,0,0,Round 3,29:08
behaviorLinear2024-10-18T13_15_50,20241018,131550,Other,0,0,0,2024-10-18 13:15:50,22.7322222222222,1,0,Round 3,29:08
behavior2024-10-18T13_46_24,20241018,134624,LinearTrack,1,0,0,2024-10-18 13:46:24,,0,0,Round 3,21:19
behaviorLinear2024-10-18T13_46_24,20241018,134624,Other,0,0,0,2024-10-18 13:46:24,,0,1,Round 3,21:19
behavior2024-10-19T15_40_24,20241019,154024,TMaze,0,1,1,2024-10-19 15:40:24,,0,0,Round 3,27:19
behaviorLinear2024-10-19T15_40_24,20241019,154024,Other,0,0,0,2024-10-19 15:40:24,26.4094444444444,1,0,Round 3,27:19
behavior2024-10-19T16_09_05,20241019,160905,LinearTrack,1,0,0,2024-10-19 16:09:05,,0,0,Round 3,21:17
behaviorLinear2024-10-19T16_09_05,20241019,160905,Other,0,0,0,2024-10-19 16:09:05,,0,1,Round 3,21:17
behaviorLinear2024-10-20T14_03_04,20241020,140304,Other,0,0,0,2024-10-20 14:03:04,22.3777777777778,1,0,Round 3,28:33
behavior2024-10-20T14_03_04,20241020,140304,TMaze,0,1,1,2024-10-20 14:03:04,,0,0,Round 3,28:33
behaviorLinear2024-10-20T14_33_04,20241020,143304,Other,0,0,0,2024-10-20 14:33:04,,0,1,Round 3,23:05
behavior2024-10-20T14_33_04,20241020,143304,LinearTrack,1,0,0,2024-10-20 14:33:04,,0,0,Round 3,23:05
behavior2024-10-21T14_32_28,20241021,143228,LinearTrack,1,0,1,2024-10-21 14:32:28,,0,0,Round 3,5:43
behaviorLinear2024-10-21T14_32_28,20241021,143228,Other,0,0,0,2024-10-21 14:32:28,24.49,1,0,Round 3,5:43
behaviorLinear2024-10-21T14_38_20,20241021,143820,Other,0,0,0,2024-10-21 14:38:20,,0,0,Round 3,20:56
behavior2024-10-21T14_38_20,20241021,143820,TMaze,0,1,0,2024-10-21 14:38:20,,0,0,Round 3,20:56
behavior2024-10-21T15_00_44,20241021,150044,LinearTrack,1,0,0,2024-10-21 15:00:44,,0,0,Round 3,23:08
behaviorLinear2024-10-21T15_00_44,20241021,150044,Other,0,0,0,2024-10-21 15:00:44,,0,1,Round 3,23:08
behaviorLinear2024-10-22T12_23_40,20241022,122340,Other,0,0,0,2024-10-22 12:23:40,21.8533333333333,1,0,Round 3,26:22
behavior2024-10-22T12_23_40,20241022,122340,TMaze,0,1,1,2024-10-22 12:23:40,,0,0,Round 3,26:22
behavior2024-10-22T12_51_41,20241022,125141,LinearTrack,1,0,0,2024-10-22 12:51:41,,0,0,Round 3,21:30
behaviorLinear2024-10-22T12_51_41,20241022,125141,Other,0,0,0,2024-10-22 12:51:41,,0,1,Round 3,21:30
behaviorLinear2024-10-23T13_25_33,20241023,132533,Other,0,0,0,2024-10-23 13:25:33,25.0313888888889,1,0,Round 3,26:23
behavior2024-10-23T13_25_33,20241023,132533,TMaze,0,1,1,2024-10-23 13:25:33,,0,0,Round 3,26:23
behaviorLinear2024-10-23T13_53_18,20241023,135318,Other,0,0,0,2024-10-23 13:53:18,,0,1,Round 3,21:09
behavior2024-10-23T13_53_18,20241023,135318,LinearTrack,1,0,0,2024-10-23 13:53:18,,0,0,Round 3,21:09
behaviorLinear2024-10-24T13_25_09,20241024,132509,Other,0,0,0,2024-10-24 13:25:09,23.9933333333333,1,0,Round 3,11:24
behavior2024-10-24T13_25_09,20241024,132509,TMaze,0,1,1,2024-10-24 13:25:09,,0,0,Round 3,11:24
behavior2024-10-24T13_44_29,20241024,134429,TMaze,0,1,0,2024-10-24 13:44:29,,0,0,Round 3,23:33
behaviorLinear2024-10-24T13_44_29,20241024,134429,Other,0,0,0,2024-10-24 13:44:29,,0,0,Round 3,23:33
behaviorLinear2024-10-24T14_09_39,20241024,140939,Other,0,0,0,2024-10-24 14:09:39,,0,1,Round 3,21:46
behavior2024-10-24T14_09_39,20241024,140939,LinearTrack,1,0,0,2024-10-24 14:09:39,,0,0,Round 3,21:46
behavior2024-10-25T13_12_38,20241025,131238,TMaze,0,1,1,2024-10-25 13:12:38,,0,0,Round 3,26:13
behaviorLinear2024-10-25T13_12_38,20241025,131238,Other,0,0,0,2024-10-25 13:12:38,23.7913888888889,1,0,Round 3,26:13
behaviorLinear2024-10-25T13_40_17,20241025,134017,Other,0,0,0,2024-10-25 13:40:17,,0,1,Round 3,20:48
behavior2024-10-25T13_40_17,20241025,134017,LinearTrack,1,0,0,2024-10-25 13:40:17,,0,0,Round 3,20:48
behavior2024-10-26T12_46_38,20241026,124638,TMaze,0,1,1,2024-10-26 12:46:38,,0,0,Round 3,27:05
behaviorLinear2024-10-26T12_46_38,20241026,124638,Other,0,0,0,2024-10-26 12:46:38,23.5666666666667,1,0,Round 3,27:05
behaviorLinear2024-10-26T13_14_59,20241026,131459,Other,0,0,0,2024-10-26 13:14:59,,0,1,Round 3,23:44
behavior2024-10-26T13_14_59,20241026,131459,LinearTrack,1,0,0,2024-10-26 13:14:59,,0,0,Round 3,23:44
behaviorLinear2024-10-27T14_54_22,20241027,145422,Other,0,0,0,2024-10-27 14:54:22,26.1288888888889,1,0,Round 3,26:40
behavior2024-10-27T14_54_22,20241027,145422,TMaze,0,1,1,2024-10-27 14:54:22,,0,0,Round 3,26:40
behavior2024-10-27T15_22_15,20241027,152215,LinearTrack,1,0,0,2024-10-27 15:22:15,,0,0,Round 3,21:09
behaviorLinear2024-10-27T15_22_15,20241027,152215,Other,0,0,0,2024-10-27 15:22:15,,0,1,Round 3,21:09
behavior2024-10-28T14_26_07,20241028,142607,TMaze,0,1,1,2024-10-28 14:26:07,,0,0,Round 3,26:38
behaviorLinear2024-10-28T14_26_07,20241028,142607,Other,0,0,0,2024-10-28 14:26:07,23.5291666666667,1,0,Round 3,26:38
behaviorLinear2024-10-28T14_54_19,20241028,145419,Other,0,0,0,2024-10-28 14:54:19,,0,1,Round 3,24:15
behavior2024-10-28T14_54_19,20241028,145419,LinearTrack,1,0,0,2024-10-28 14:54:19,,0,0,Round 3,24:15
behavior2024-10-29T14_51_03,20241029,145103,TMaze,0,1,1,2024-10-29 14:51:03,,0,0,Round 3,26:34
behaviorLinear2024-10-29T14_51_03,20241029,145103,Other,0,0,0,2024-10-29 14:51:03,24.4155555555556,1,0,Round 3,26:34
behaviorLinear2024-10-29T15_19_08,20241029,151908,Other,0,0,0,2024-10-29 15:19:08,,0,1,Round 3,21:14
behavior2024-10-29T15_19_08,20241029,151908,LinearTrack,1,0,0,2024-10-29 15:19:08,,0,0,Round 3,21:14
behavior2024-10-30T13_53_04,20241030,135304,TMaze,0,1,1,2024-10-30 13:53:04,,0,0,Round 3,0:06
behaviorLinear2024-10-30T13_53_04,20241030,135304,Other,0,0,0,2024-10-30 13:53:04,23.0336111111111,1,0,Round 3,0:06
behavior2024-10-30T13_53_27,20241030,135327,TMaze,0,1,0,2024-10-30 13:53:27,,0,0,Round 3,3:21
behaviorLinear2024-10-30T13_53_27,20241030,135327,Other,0,0,0,2024-10-30 13:53:27,,0,0,Round 3,3:21
behavior2024-10-30T14_06_07,20241030,140607,TMaze,0,1,0,2024-10-30 14:06:07,,0,0,Round 3,0:06
behaviorLinear2024-10-30T14_06_07,20241030,140607,Other,0,0,0,2024-10-30 14:06:07,,0,0,Round 3,0:06
behavior2024-10-30T14_06_21,20241030,140621,TMaze,0,1,0,2024-10-30 14:06:21,,0,0,Round 3,0:10
behaviorLinear2024-10-30T14_06_21,20241030,140621,Other,0,0,0,2024-10-30 14:06:21,,0,0,Round 3,0:10
behavior2024-10-30T14_07_28,20241030,140728,TMaze,0,1,0,2024-10-30 14:07:28,,0,0,Round 3,0:02
behaviorLinear2024-10-30T14_07_28,20241030,140728,Other,0,0,0,2024-10-30 14:07:28,,0,0,Round 3,0:02
behavior2024-10-30T14_07_36,20241030,140736,TMaze,0,1,0,2024-10-30 14:07:36,,0,0,Round 3,27:04
behaviorLinear2024-10-30T14_07_36,20241030,140736,Other,0,0,0,2024-10-30 14:07:36,,0,0,Round 3,27:04
behaviorLinear2024-10-30T14_36_05,20241030,143605,Other,0,0,0,2024-10-30 14:36:05,,0,1,Round 3,21:34
behavior2024-10-30T14_36_05,20241030,143605,LinearTrack,1,0,0,2024-10-30 14:36:05,,0,0,Round 3,21:34
behavior2024-10-31T13_40_30,20241031,134030,LinearTrack,1,0,1,2024-10-31 13:40:30,,0,0,Round 3,28:33
behaviorLinear2024-10-31T13_40_30,20241031,134030,Other,0,0,0,2024-10-31 13:40:30,23.7905555555556,1,1,Round 3,28:33
behavior2024-11-01T13_08_11,20241101,130811,LinearTrack,1,0,1,2024-11-01 13:08:11,,0,0,Round 3,27:36
behaviorLinear2024-11-01T13_08_11,20241101,130811,Other,0,0,0,2024-11-01 13:08:11,23.4613888888889,1,1,Round 3,27:36
behavior2024-11-02T13_06_59,20241102,130659,LinearTrack,1,0,1,2024-11-02 13:06:59,,0,0,Round 3,26:45
behaviorLinear2024-11-02T13_06_59,20241102,130659,Other,0,0,0,2024-11-02 13:06:59,23.98,1,1,Round 3,26:45
behaviorLinear2024-11-03T13_10_29,20241103,131029,Other,0,0,0,2024-11-03 13:10:29,24.0583333333333,1,1,Round 3,29:24
behavior2024-11-03T13_10_29,20241103,131029,LinearTrack,1,0,1,2024-11-03 13:10:29,,0,0,Round 3,29:24
behaviorLinear2024-11-04T14_19_30,20241104,141930,Other,0,0,0,2024-11-04 14:19:30,25.1502777777778,1,1,Round 3,27:08
behavior2024-11-04T14_19_30,20241104,141930,LinearTrack,1,0,1,2024-11-04 14:19:30,,0,0,Round 3,27:08
behaviorLinear2024-11-05T14_39_19,20241105,143919,Other,0,0,0,2024-11-05 14:39:19,24.3302777777778,1,1,Round 3,28:42
behavior2024-11-05T14_39_19,20241105,143919,LinearTrack,1,0,1,2024-11-05 14:39:19,,0,0,Round 3,28:42
behavior2024-11-06T14_59_26,20241106,145926,LinearTrack,1,0,1,2024-11-06 14:59:26,,0,0,Round 3,27:26
behaviorLinear2024-11-06T14_59_26,20241106,145926,Other,0,0,0,2024-11-06 14:59:26,24.3352777777778,1,1,Round 3,27:26
behaviorLinear2024-11-07T14_12_14,20241107,141214,Other,0,0,0,2024-11-07 14:12:14,23.2133333333333,1,1,Round 3,27:24
behavior2024-11-07T14_12_14,20241107,141214,LinearTrack,1,0,1,2024-11-07 14:12:14,,0,0,Round 3,27:24
behavior2024-11-08T14_14_47,20241108,141447,LinearTrack,1,0,1,2024-11-08 14:14:47,,0,0,Round 3,27:13
behaviorLinear2024-11-08T14_14_47,20241108,141447,Other,0,0,0,2024-11-08 14:14:47,24.0425,1,1,Round 3,27:13
behavior2024-11-09T14_30_28,20241109,143028,LinearTrack,1,0,1,2024-11-09 14:30:28,,0,0,Round 3,26:50
behaviorLinear2024-11-09T14_30_28,20241109,143028,Other,0,0,0,2024-11-09 14:30:28,24.2613888888889,1,1,Round 3,26:50
behavior2024-11-10T14_57_58,20241110,145758,LinearTrack,1,0,1,2024-11-10 14:57:58,,0,0,Round 3,27:16
behaviorLinear2024-11-10T14_57_58,20241110,145758,Other,0,0,0,2024-11-10 14:57:58,24.4583333333333,1,1,Round 3,27:16
behavior2024-11-11T14_09_51,20241111,140951,LinearTrack,1,0,1,2024-11-11 14:09:51,,0,0,Round 3,27:49
behaviorLinear2024-11-11T14_09_51,20241111,140951,Other,0,0,0,2024-11-11 14:09:51,23.1980555555556,1,1,Round 3,27:49
behaviorLinear2024-11-12T11_52_38,20241112,115238,Other,0,0,0,2024-11-12 11:52:38,21.7130555555556,1,1,Round 3,27:16
behavior2024-11-12T11_52_38,20241112,115238,LinearTrack,1,0,1,2024-11-12 11:52:38,,0,0,Round 3,27:16
behavior2024-11-13T13_14_55,20241113,131455,LinearTrack,1,0,1,2024-11-13 13:14:55,,0,0,Round 3,26:14
behaviorLinear2024-11-13T13_14_55,20241113,131455,Other,0,0,0,2024-11-13 13:14:55,25.3713888888889,1,1,Round 3,26:14
